Date,Open,High,Low,Close,Volume,Ex-Dividend,Split Ratio,Adj. Open,Adj. High,Adj. Low,Adj. Close,Adj. Volume
2016-01-04,60.5,61.49,60.36,61.46,11988833.0,0.0,1.0,58.36345656929969,59.3184949495246,58.228400636742634,59.289554392548084,11988833.0
2016-01-05,62.03,63.05,61.85,62.92,13325063.0,0.0,1.0,59.83942497510182,60.823403912303235,59.665781633242744,60.697994832071686,13325063.0
2016-01-06,62.48,63.95,62.47,63.55,16564074.0,0.0,1.0,60.2735333297495,61.6916206215986,60.263886477423995,61.30574652857844,16564074.0
2016-01-07,62.97,65.23,62.92,65.03,26427257.0,0.0,1.0,60.7462290936992,62.92641771926313,60.697994832071686,62.733480672753046,26427257.0
2016-01-08,65.08,65.41,63.41,63.54,17765041.0,0.0,1.0,62.78171493438056,63.1000610611222,61.17069059602138,61.296099676252936,17765041.0
2016-01-11,63.76,64.465,63.625,64.22,12652602.0,0.0,1.0,61.50833042741402,62.18843351636207,61.37809792101972,61.95208563438721,12652602.0
2016-01-12,64.38,64.73,63.431,63.62,12194283.0,0.0,1.0,62.106435271595274,62.444075102987924,61.19094898590494,61.373274494856965,12194283.0
2016-01-13,63.73,63.73,61.83,61.92,13725740.0,0.0,1.0,61.47938987043751,61.47938987043751,59.64648792859173,59.73330959952128,13725740.0
2016-01-14,62.0,63.62,61.82,63.06,12934566.0,0.0,1.0,59.810484418125306,61.373274494856965,59.636841076266236,60.833050764628744,12934566.0
2016-01-15,61.55,62.47,61.26,61.93,15171377.0,0.0,1.0,59.37637606347762,60.263886477423995,59.096617346038,59.74295645184678,15171377.0
2016-01-19,62.25,62.8,62.01,62.56,13051305.0,0.0,1.0,60.05165572626291,60.58223260416563,59.82013127045081,60.35070814835354,13051305.0
2016-01-20,61.8,62.33,60.2,60.84,17367780.0,0.0,1.0,59.617547371615224,60.128830544866936,58.07405099953458,58.69144954836683,17367780.0
2016-01-21,60.98,62.79,60.91,61.88,12088980.0,0.0,1.0,58.826505480923885,60.57258575184013,58.75897751464536,59.69472219021926,12088980.0
2016-01-22,62.44,63.26,62.13,62.69,9197462.0,0.0,1.0,60.23494592044749,61.02598781113882,59.93589349835686,60.47611722858509,9197462.0
2016-01-25,62.78,63.82,62.55,63.45,12823265.0,0.0,1.0,60.56293889951463,61.566211541367046,60.34106129602803,61.2092780053234,12823265.0
2016-01-26,63.36,64.47,63.26,64.0,9441146.0,0.0,1.0,61.12245633439386,62.19325694252481,61.02598781113882,61.73985488322612,9441146.0
2016-01-27,64.1,65.18,63.89,63.95,10213965.0,0.0,1.0,61.836323406481156,62.87818345763561,61.63373950764558,61.6916206215986,10213965.0
2016-01-28,64.03,64.51,63.43,64.22,11278194.0,0.0,1.0,61.76879544020264,62.23184435182684,61.18998430067239,61.95208563438721,11278194.0
2016-01-29,64.75,66.53,64.74,66.36,16437904.0,0.0,1.0,62.46336880763893,64.18050852157866,62.45372195531342,64.01651203204509,16437904.0
2016-02-01,65.91,67.93,65.89,67.5,14727358.0,0.0,1.0,63.5824036773974,65.53106784714923,63.563109972746396,65.11625319715255,14727358.0
2016-02-02,67.3,67.84,66.28,66.86,13585054.0,0.0,1.0,64.92331615064246,65.44424617621969,63.93933721344106,64.49885464832029,13585054.0
2016-02-03,67.31,67.5,65.07,66.27,12315265.0,0.0,1.0,64.93296300296798,65.11625319715255,62.77206808205505,63.92969036111555,12315265.0
2016-02-04,65.76,66.55,65.01,66.42,12833366.0,0.0,1.0,63.43770089251485,64.19980222622966,62.71418696810204,64.07439314599812,12833366.0
2016-02-05,66.86,67.53,65.88,67.0,14195739.0,0.0,1.0,64.49885464832029,65.14519375412907,63.553463120420886,64.63391058087734,14195739.0
2016-02-08,66.5,67.15,65.163,66.9,20743404.0,0.0,1.0,64.15156796460214,64.77861336575991,62.86178380868225,64.53744205762231,20743404.0
2016-02-09,65.49,66.41,64.68,65.81,14642057.0,0.0,1.0,63.177235879726226,64.0647462936726,62.3958408413604,63.48593515414236,14642057.0
2016-02-10,66.19,66.59,65.645,65.79,9708996.0,0.0,1.0,63.85251554251151,64.23838963553169,63.32676209077154,63.46664144949136,9708996.0
2016-02-11,65.02,65.76,64.78,65.32,11186005.0,0.0,1.0,62.72383382042754,63.43770089251485,62.492309364615444,63.01323939019265,11186005.0
2016-02-12,65.52,66.25,64.87,66.18,9695125.0,0.0,1.0,63.20617643670274,63.91039665646454,62.57913103554498,63.842868690186016,9695125.0
2016-02-16,66.61,66.8,65.5,65.9,11356522.0,0.0,1.0,64.2576833401827,64.44097353436726,63.186882732051735,63.572756825071906,11356522.0
2016-02-17,66.1,66.61,65.81,66.11,12416647.0,0.0,1.0,63.76569387158197,64.2576833401827,63.48593515414236,63.77534072390748,12416647.0
2016-02-18,63.74,64.78,62.35,64.12,27894515.0,0.0,1.0,61.48903672276302,62.492309364615444,60.14812424951795,61.855617111132176,27894515.0
2016-02-19,63.89,64.765,63.44,64.66,15558412.0,0.0,1.0,61.63373950764558,62.47783908612718,61.199631152997895,62.37654713670939,15558412.0
2016-02-22,64.96,66.135,64.96,65.63,10586801.0,0.0,1.0,62.665952706474506,63.79945785472125,62.665952706474506,63.312291812283284,10586801.0
2016-02-23,65.84,66.6,65.28,66.48,11432011.0,0.0,1.0,63.514875711118876,64.24803648785718,62.97465198089065,64.13227425995115,11432011.0
2016-02-24,66.19,67.33,65.72,67.12,10286797.0,0.0,1.0,63.85251554251151,64.95225670761899,63.39911348321282,64.7496728087834,10286797.0
2016-02-25,67.45,68.13,67.33,68.04,9581195.0,0.0,1.0,65.06801893552503,65.7240048936593,64.95225670761899,65.63718322272977,9581195.0
2016-02-26,68.08,68.2,66.3,66.51,10981181.0,0.0,1.0,65.67577063203179,65.79153285993785,63.95863091809206,64.16121481692765,10981181.0
2016-02-29,66.63,66.95,66.22,66.34,9345004.0,0.0,1.0,64.27697704483369,64.58567631924983,63.88145609948803,63.99721832739408,9345004.0
2016-03-01,66.65,66.89,66.0,66.46,10427925.0,0.0,1.0,64.2962707494847,64.5277952052968,63.66922534832694,64.11298055530013,10427925.0
2016-03-02,66.21,66.67,66.0,66.21,9164983.0,0.0,1.0,63.87180924716252,64.31556445413571,63.66922534832694,63.87180924716252,9164983.0
2016-03-03,65.95,66.2,64.88,66.14,11846211.0,0.0,1.0,63.62099108669942,63.86216239483702,62.58877788787048,63.804281280884,11846211.0
2016-03-04,66.14,67.28,66.09,66.78,10010539.0,0.0,1.0,63.804281280884,64.90402244599146,63.75604701925648,64.42167982971625,10010539.0
2016-03-07,66.62,68.48,66.27,67.89,12825429.0,0.0,1.0,64.2673301925082,66.06164472505195,63.92969036111555,65.4924804378472,12825429.0
2016-03-08,67.73,68.47,67.485,68.04,9947466.0,0.0,1.0,65.33813080063915,66.05199787272645,65.1017829186643,65.63718322272977,9947466.0
2016-03-09,67.79,67.99,67.12,67.53,7824756.0,0.5,1.0,65.88021161779514,66.07457719271117,65.22908694182637,65.62753637040427,7824756.0
2016-03-10,67.55,68.035,66.4,67.41,10225109.0,0.0,1.0,65.64697292789587,66.11830944706729,64.5293708721286,65.51091702545463,10225109.0
2016-03-11,67.77,67.94,66.8,67.17,8290880.0,0.0,1.0,65.86077506030352,66.02598579898216,64.91810202196068,65.27767833555538,8290880.0
2016-03-14,67.15,67.67,66.96,67.36,6712410.0,0.0,1.0,65.25824177806378,65.7635922728455,65.07359448189352,65.46232563172562,6712410.0
2016-03-15,67.0,68.349,67.0,68.09,7566895.0,0.0,1.0,65.11246759687674,66.4234633996855,65.11246759687674,66.17175998016921,7566895.0
2016-03-16,67.94,68.34,67.25,67.99,8218029.0,0.0,1.0,66.02598579898216,66.41471694881427,65.3554245655218,66.07457719271117,8218029.0
2016-03-17,67.82,68.92,67.26,67.45,11836578.0,0.0,1.0,65.90936645403254,66.97837711607082,65.36514284426761,65.54979014043785,11836578.0
2016-03-18,67.48,68.03,66.75,66.95,23152641.0,0.0,1.0,65.57894497667526,66.1134503076944,64.86951062823167,65.06387620314773,23152641.0
2016-03-21,67.03,68.38,66.97,67.97,9415789.0,0.0,1.0,65.14162243311414,66.45359006379748,65.08331276063933,66.05514063521957,9415789.0
2016-03-22,68.0,68.68,67.79,67.87,7514506.0,0.0,1.0,66.08429547145698,66.74513842617156,65.88021161779514,65.95795784776156,7514506.0
2016-03-23,68.01,68.1,67.44,67.46,6110647.0,0.0,1.0,66.09401375020279,66.181478258915,65.54007186169204,65.55950841918364,6110647.0
2016-03-24,67.43,68.04,67.38,68.0,6303542.0,0.0,1.0,65.53035358294625,66.1231685864402,65.48176218921722,66.08429547145698,6303542.0
2016-03-28,67.93,68.575,67.93,68.12,5603164.0,0.0,1.0,66.01626752023637,66.64309649934063,66.01626752023637,66.20091481640662,5603164.0
2016-03-29,68.15,68.2091,67.43,68.03,6491000.0,0.0,1.0,66.23006965264403,66.28750468003172,65.53035358294625,66.1134503076944,6491000.0
2016-03-30,68.33,69.0,68.29,68.8,7208443.0,0.0,1.0,66.40499867006847,67.05612334603724,66.36612555508526,66.86175777112118,7208443.0
2016-03-31,68.75,69.19,68.47,68.49,6283490.0,0.0,1.0,66.81316637739218,67.24077064220748,66.5410545725097,66.5604911300013,6283490.0
2016-04-01,68.02,69.2,68.02,69.06,6602374.0,0.0,1.0,66.10373202894858,67.25048892095329,66.10373202894858,67.11443301851205,6602374.0
2016-04-04,69.0,69.37,68.92,69.1,6823360.0,0.0,1.0,67.05612334603724,67.41569965963193,66.97837711607082,67.15330613349525,6823360.0
2016-04-05,69.03,69.25,68.27,68.64,5779038.0,0.0,1.0,67.08527818227465,67.2990803146823,66.34668899759365,66.70626531118835,5779038.0
2016-04-06,68.7,69.06,68.52,69.04,5362697.0,0.0,1.0,66.76457498366317,67.11443301851205,66.5896459662387,67.09499646102046,5362697.0
2016-04-07,68.83,68.93,67.945,68.22,6110491.0,0.0,1.0,66.89091260735859,66.98809539481663,66.03084493835506,66.29809760386463,6110491.0
2016-04-08,68.31,68.39,67.86,68.06,6515793.0,0.0,1.0,66.38556211257686,66.46330834254329,65.94823956901575,66.1426051439318,6515793.0
2016-04-11,68.01,68.37,67.38,67.4,7863238.0,0.0,1.0,66.09401375020279,66.44387178505168,65.48176218921722,65.50119874670884,7863238.0
2016-04-12,67.57,68.87,67.45,68.8,7732679.0,0.0,1.0,65.66640948538748,66.9297857223418,65.54979014043785,66.86175777112118,7732679.0
2016-04-13,69.01,69.42,68.87,69.15,6262715.0,0.0,1.0,67.06584162478305,67.46429105336094,66.9297857223418,67.20189752722428,6262715.0
2016-04-14,69.15,69.24,68.15,68.8,6977130.0,0.0,1.0,67.20189752722428,67.28936203593649,66.23006965264403,66.86175777112118,6977130.0
2016-04-15,68.94,69.41,68.94,69.06,7584493.0,0.0,1.0,66.99781367356242,67.45457277461513,66.99781367356242,67.11443301851205,7584493.0
2016-04-18,69.05,69.9,68.85,69.86,6622352.0,0.0,1.0,67.10471473976624,67.93076843315947,66.91034916485019,67.89189531817625,6622352.0
2016-04-19,69.79,70.08,69.5,69.77,8199358.0,0.0,1.0,67.82386736695564,68.1056974505839,67.54203728332736,67.80443080946402,8199358.0
2016-04-20,69.76,69.99,69.131,69.21,5412547.0,0.0,1.0,67.79471253071823,68.01823294187167,67.18343279760725,67.26020719969908,5412547.0
2016-04-21,69.47,69.68,68.24,68.47,6617516.0,0.0,1.0,67.51288244708995,67.7169663007518,66.31753416135624,66.5410545725097,6617516.0
2016-04-22,68.82,68.94,68.28,68.72,6215117.0,0.0,1.0,66.88119432861278,66.99781367356242,66.35640727633945,66.78401154115477,6215117.0
2016-04-25,68.55,69.5,68.06,69.47,5896232.0,0.0,1.0,66.61880080247612,67.54203728332736,66.1426051439318,67.51288244708995,5896232.0
2016-04-26,69.7,69.8899,69.1,69.3,6648430.0,0.0,1.0,67.73640285824341,67.92095297162619,67.15330613349525,67.34767170841131,6648430.0
2016-04-27,69.49,69.78,68.99,69.42,5147280.0,0.0,1.0,67.53231900458155,67.81414908820983,67.04640506729143,67.46429105336094,5147280.0
2016-04-28,69.07,69.62,68.75,68.91,4775929.0,0.0,1.0,67.12415129725784,67.65865662827699,66.81316637739218,66.96865883732501,4775929.0
2016-04-29,68.73,68.82,66.36,66.87,12098040.0,0.0,1.0,66.79372981990058,66.88119432861278,64.49049775714538,64.9861299731813,12098040.0
2016-05-02,66.62,67.7,66.53,67.59,7609700.0,0.0,1.0,64.74317300453625,65.79274710908291,64.65570849582402,65.68584604287909,7609700.0
2016-05-03,66.86,67.495,66.75,67.0,5922369.0,0.0,1.0,64.9764116944355,65.59352239479396,64.86951062823167,65.11246759687674,5922369.0
2016-05-04,66.85,67.49,66.44,67.19,6029518.0,0.0,1.0,64.96669341568969,65.58866325542105,64.5682439871118,65.29711489304698,6029518.0
2016-05-05,66.97,67.25,66.58,67.21,8090984.0,0.0,1.0,65.08331276063933,65.3554245655218,64.70429988955303,65.31655145053858,8090984.0
2016-05-06,66.91,68.26,66.8,68.25,9825160.0,0.0,1.0,65.02500308816451,66.33697071884785,64.91810202196068,66.32725244010204,9825160.0
2016-05-09,68.25,69.1,68.16,68.95,8656229.0,0.0,1.0,66.32725244010204,67.15330613349525,66.23978793138983,67.00753195230823,8656229.0
2016-05-10,68.92,69.13,68.45,68.79,6401108.0,0.0,1.0,66.97837711607082,67.18246096973266,66.5216180150181,66.85203949237538,6401108.0
2016-05-11,67.47,67.5,65.61,66.41,14596441.0,0.5,1.0,66.06289652700586,66.09227086961458,64.24168728526537,65.02500308816451,14596441.0
2016-05-12,66.55,67.05,66.38,66.85,9533363.0,0.0,1.0,65.16208335367186,65.65165573048381,64.99562874555579,65.45582677975902,9533363.0
2016-05-13,66.48,66.55,64.65,64.94,13744652.0,0.0,1.0,65.09354322091819,65.16208335367186,63.301708321786414,63.585660300337345,13744652.0
2016-05-16,64.86,66.35,64.68,66.02,10181795.0,0.0,1.0,63.50732872004743,64.96625440294707,63.33108266439513,64.64313663425118,10181795.0
2016-05-17,66.06,66.27,64.88,65.1,9252650.0,0.0,1.0,64.68230242439614,64.88792282265716,63.52691161511991,63.74232346091717,9252650.0
2016-05-18,63.02,63.777,62.72,63.15,22255902.0,0.0,1.0,61.705702373379424,62.44691495187273,61.41195894729224,61.83299119135053,22255902.0
2016-05-19,68.1,69.33,67.5,69.2,35076690.0,0.0,1.0,66.67975772178893,67.88410576874635,66.09227086961458,67.75681695077525,35076690.0
2016-05-20,69.33,70.14,68.85,69.86,16742593.0,0.0,1.0,67.88410576874635,68.67721301918174,67.41411628700686,68.40305248816703,16742593.0
2016-05-23,69.6,70.06,69.44,69.5,10099782.0,0.0,1.0,68.14847485222481,68.59888143889182,67.99181169164498,68.05056037686242,10099782.0
2016-05-24,69.65,70.42,69.55,70.24,8827986.0,0.0,1.0,68.19743208990602,68.95137355019642,68.09951761454361,68.77512749454412,8827986.0
2016-05-25,70.25,70.995,70.24,70.48,7269763.0,0.0,1.0,68.78491894208037,69.51438178353018,68.77512749454412,69.01012223541386,7269763.0
2016-05-26,70.69,71.375,70.6,70.85,8692426.0,0.0,1.0,69.21574263367488,69.88645678990727,69.12761960584872,69.3724057942547,8692426.0
2016-05-27,70.86,70.89,70.49,70.75,5773666.0,0.0,1.0,69.38219724179095,69.41157158439967,69.01991368295009,69.27449131889232,5773666.0
2016-05-31,70.58,71.0,70.48,70.78,8389484.0,0.0,1.0,69.10803671077625,69.5192775072983,69.01012223541386,69.30386566150104,8389484.0
2016-06-01,70.5,70.905,70.41,70.5,7221359.0,0.0,1.0,69.02970513048633,69.42625875570403,68.94158210266018,69.02970513048633,7221359.0
2016-06-02,70.5,71.0,70.145,70.95,6508681.0,0.0,1.0,69.02970513048633,69.5192775072983,68.68210874294985,69.4703202696171,6508681.0
2016-06-03,70.57,71.05,70.52,70.87,6374329.0,0.0,1.0,69.09824526324,69.56823474497949,69.04928802555881,69.39198868932719,6374329.0
2016-06-06,71.52,71.55,71.0,71.05,9015943.0,0.0,1.0,70.02843277918274,70.05780712179146,69.5192775072983,69.56823474497949,9015943.0
2016-06-07,71.1,71.31,70.85,71.03,7363374.0,0.0,1.0,69.61719198266069,69.82281238092172,69.3724057942547,69.54865184990702,7363374.0
2016-06-08,70.85,71.45,70.8,71.28,6138989.0,0.0,1.0,69.3724057942547,69.95989264642907,69.32344855657351,69.793438038313,6138989.0
2016-06-09,71.36,71.59,70.85,71.09,6069759.0,0.0,1.0,69.87176961860291,70.09697291193642,69.3724057942547,69.60740053512446,6069759.0
2016-06-10,71.0,71.41,70.68,71.14,7511406.0,0.0,1.0,69.5192775072983,69.9207268562841,69.20595118613865,69.65635777280565,7511406.0
2016-06-13,71.0,71.18,70.485,70.53,7907557.0,0.0,1.0,69.5192775072983,69.69552356295061,69.01501795918198,69.05907947309505,7907557.0
2016-06-14,70.66,71.17,70.2,70.95,9066307.0,0.0,1.0,69.18636829106616,69.68573211541437,68.73596170439917,69.4703202696171,9066307.0
2016-06-15,71.2,71.615,71.0,71.12,8016482.0,0.0,1.0,69.71510645802309,70.12145153077701,69.5192775072983,69.63677487773317,8016482.0
2016-06-16,71.0,71.46,70.8,71.3,6705181.0,0.0,1.0,69.5192775072983,69.9696840939653,69.32344855657351,69.81302093338547,6705181.0
2016-06-17,71.05,71.31,70.4,70.95,18059297.0,0.0,1.0,69.56823474497949,69.82281238092172,68.93179065512395,69.4703202696171,18059297.0
2016-06-20,71.31,71.78,71.05,71.1,7142522.0,0.0,1.0,69.82281238092172,70.28301041512496,69.56823474497949,69.61719198266069,7142522.0
2016-06-21,70.95,71.72,70.95,71.46,6674766.0,0.0,1.0,69.4703202696171,70.22426172990752,69.4703202696171,69.9696840939653,6674766.0
2016-06-22,71.6,72.25,71.565,71.75,8457509.0,0.0,1.0,70.10676435947265,70.7432084493282,70.07249429309582,70.25363607251624,8457509.0
2016-06-23,72.2,72.24,71.785,72.1,6969864.0,0.0,1.0,70.69425121164701,70.73341700179196,70.28790613889308,70.59633673628461,6969864.0
2016-06-24,70.55,72.72,70.51,71.96,15120033.0,0.0,1.0,69.07866236816753,71.20340648353144,69.03949657802258,70.45925647077726,15120033.0
2016-06-27,71.64,71.77,70.875,71.5,11346061.0,0.0,1.0,70.14593014961761,70.27321896758872,69.39688441309531,70.00884988411026,11346061.0
2016-06-28,71.76,71.87,70.67,71.51,8561127.0,0.0,1.0,70.26342752005249,70.37113344295112,69.1961597386024,70.0186413316465,8561127.0
2016-06-29,71.63,72.49,71.56,72.46,7014708.0,0.0,1.0,70.13613870208137,70.97820319019793,70.0675985693277,70.94882884758921,7014708.0
2016-06-30,72.57,73.195,72.32,73.02,8713585.0,0.0,1.0,71.05653477048784,71.6685002415028,70.81174858208186,71.49714990961861,8713585.0
2016-07-01,73.13,73.17,72.415,72.81,7638181.0,0.0,1.0,71.60485583251725,71.64402162266221,70.90476733367615,71.2915295113576,7638181.0
2016-07-05,72.75,73.62,72.68,73.14,10748626.0,0.0,1.0,71.23278082614016,72.08463676179298,71.16424069338649,71.61464728005349,10748626.0
2016-07-06,73.26,73.98,73.17,73.82,11062713.0,0.0,1.0,71.73214465048837,72.43712887309759,71.64402162266221,72.28046571251775,11062713.0
2016-07-07,73.73,73.9321,73.15,73.53,7486861.0,0.0,1.0,72.19234268469161,72.390227839399,71.62443872758973,71.99651373396682,7486861.0
2016-07-08,73.82,73.85,73.24,73.84,9127565.0,0.0,1.0,72.28046571251775,72.30984005512647,71.71256175541588,72.30004860759024,9127565.0
2016-07-11,73.67,74.35,73.5,74.06,9040070.0,0.0,1.0,72.13359399947417,72.79941243193842,71.9671393913581,72.51546045338749,9040070.0
2016-07-12,73.56,73.73,73.0,73.27,12360974.0,0.0,1.0,72.02588807657554,72.19234268469161,71.47756701454614,71.7419360980246,12360974.0
2016-07-13,73.25,73.63,72.94,73.62,6393864.0,0.0,1.0,71.72235320295212,72.09442820932921,71.4188183293287,72.08463676179298,6393864.0
2016-07-14,73.79,74.11,73.61,73.7,6646248.0,0.0,1.0,72.25109136990905,72.56441769106868,72.07484531425673,72.16296834208289,6646248.0
2016-07-15,73.98,74.01,73.44,73.67,5994480.0,0.0,1.0,72.43712887309759,72.46650321570631,71.90839070614066,72.13359399947417,5994480.0
2016-07-18,73.64,74.18,73.53,73.84,5457237.0,0.0,1.0,72.10421965686545,72.63295782382237,71.99651373396682,72.30004860759024,5457237.0
2016-07-19,73.64,73.96,73.585,73.66,4797883.0,0.0,1.0,72.10421965686545,72.4175459780251,72.05036669541613,72.12380255193793,4797883.0
2016-07-20,73.88,74.11,73.63,73.79,5281885.0,0.0,1.0,72.33921439773519,72.56441769106868,72.09442820932921,72.25109136990905,5281885.0
2016-07-21,73.43,73.656,73.14,73.52,4432231.0,0.0,1.0,71.89859925860443,72.11988597292344,71.61464728005349,71.98672228643058,4432231.0
2016-07-22,73.76,73.91,73.42,73.55,4316633.0,0.0,1.0,72.22171702730033,72.36858874034391,71.88880781106819,72.0160966290393,4316633.0
2016-07-25,73.55,73.835,73.41,73.75,4733874.0,0.0,1.0,72.0160966290393,72.29515288382211,71.87901636353195,72.21192557976408,4733874.0
2016-07-26,73.71,74.07,73.41,73.73,5248083.0,0.0,1.0,72.17275978961912,72.52525190092373,71.87901636353195,72.19234268469161,5248083.0
2016-07-27,73.66,73.82,73.135,73.32,5771470.0,0.0,1.0,72.12380255193793,72.28046571251775,71.60975155628537,71.79089333570579,5771470.0
2016-07-28,73.14,73.32,72.47,73.24,4603167.0,0.0,1.0,71.61464728005349,71.79089333570579,70.95862029512546,71.71256175541588,4603167.0
2016-07-29,73.17,73.25,72.76,72.97,6302187.0,0.0,1.0,71.64402162266221,71.72235320295212,71.2425722736764,71.44819267193742,6302187.0
2016-08-01,72.81,73.99,72.81,73.78,5866120.0,0.0,1.0,71.2915295113576,72.44692032063382,71.2915295113576,72.2412999223728,5866120.0
2016-08-02,73.7,73.72,72.63,73.13,6513056.0,0.0,1.0,72.16296834208289,72.18255123715537,71.11528345570528,71.60485583251725,6513056.0
2016-08-03,73.0,73.4,72.51,72.94,6567966.0,0.0,1.0,71.47756701454614,71.86922491599572,70.99778608527042,71.4188183293287,6567966.0
2016-08-04,72.8,73.49,72.59,73.3,4944707.0,0.0,1.0,71.28173806382135,71.95734794382186,71.07611766556033,71.77131044063331,4944707.0
2016-08-05,73.46,73.95,73.46,73.76,5415442.0,0.0,1.0,71.92797360121314,72.40775453048887,71.92797360121314,72.22171702730033,5415442.0
2016-08-08,74.0,74.07,73.04,73.34,6577147.0,0.0,1.0,72.45671176817007,72.52525190092373,71.5167328046911,71.81047623077828,6577147.0
2016-08-09,73.36,73.88,73.08,73.54,6427875.0,0.0,1.0,71.83005912585075,72.33921439773519,71.55589859483605,72.00630518150307,6427875.0
2016-08-10,73.57,74.51,73.39,73.95,8052272.0,0.5,1.0,72.52273618079947,73.44935534635545,72.34529846824621,72.89732690730082,8052272.0
2016-08-11,74.5,74.8,73.53,73.8,6290331.0,0.0,1.0,73.43949769565803,73.73522721658014,72.48330557800986,72.74946214683976,6290331.0
2016-08-12,73.8,74.12,73.56,73.89,9993651.0,0.0,1.0,72.74946214683976,73.0649069691567,72.51287853010209,72.8381810031164,9993651.0
2016-08-15,73.81,74.01,73.11,73.32,9636116.0,0.0,1.0,72.75931979753717,72.95647281148526,72.0692842487189,72.27629491336438,9636116.0
2016-08-16,72.59,73.31,72.21,72.89,9763349.0,0.0,1.0,71.55668641245391,72.26643726266698,71.18209568595256,71.85241593337602,9763349.0
2016-08-17,71.99,72.95,71.99,72.93,14332077.0,0.0,1.0,70.96522737060968,71.91156183756046,70.96522737060968,71.89184653616564,14332077.0
2016-08-18,74.94,75.19,73.87,74.3,26858329.0,0.0,1.0,73.87323432634379,74.1196755937789,72.81846570172159,73.24234468170995,26858329.0
2016-08-19,74.1,74.29,72.67,72.81,15345507.0,0.0,1.0,73.04519166776187,73.23248703101255,71.63554761803314,71.77355472779679,15345507.0
2016-08-22,73.06,73.14,72.45,72.7,10312074.0,0.0,1.0,72.0199959952319,72.09885720081112,71.41867930269026,71.66512057012535,10312074.0
2016-08-23,72.89,73.07,71.96,71.97,9390940.0,0.0,1.0,71.85241593337602,72.02985364592928,70.93565441851747,70.94551206921487,9390940.0
2016-08-24,71.97,72.75,71.76,72.23,10050580.0,0.0,1.0,70.94551206921487,71.71440882361237,70.7385014045694,71.20181098734739,10050580.0
2016-08-25,72.37,72.58,71.05,71.22,10513910.0,0.0,1.0,71.33981809711103,71.5468287617565,70.03860820505373,70.20618826690959,10513910.0
2016-08-26,71.41,71.69,70.89,71.14,10038464.0,0.0,1.0,70.39348363016026,70.66949784968757,69.88088579389527,70.12732706133036,10038464.0
2016-08-29,71.14,71.66,71.1,71.4,7467288.0,0.0,1.0,70.12732706133036,70.63992489759536,70.08789645854074,70.38362597946286,7467288.0
2016-08-30,71.76,71.76,71.15,71.31,5772930.0,0.0,1.0,70.7385014045694,70.7385014045694,70.13718471202777,70.29490712318623,5772930.0
2016-08-31,71.46,71.64,71.15,71.44,6311636.0,0.0,1.0,70.44277188364728,70.62020959620055,70.13718471202777,70.42305658225247,6311636.0
2016-09-01,71.57,72.86,71.41,72.84,11761356.0,0.0,1.0,70.55120604131872,71.82284298128381,70.39348363016026,71.80312767988902,11761356.0
2016-09-02,72.99,73.19,72.415,72.5,8082939.0,0.0,1.0,71.95099244035006,72.14814545429813,71.38417752524936,71.46796755617729,8082939.0
2016-09-06,72.76,73.08,72.2,73.0,9569405.0,0.0,1.0,71.72426647430979,72.03971129662669,71.17223803525516,71.96085009104746,9569405.0
2016-09-07,73.0,73.05,72.01,72.06,9618272.0,0.0,1.0,71.96085009104746,72.01013834453448,70.9849426720045,71.03423092549151,9618272.0
2016-09-08,71.89,72.32,71.71,71.83,9661224.0,0.0,1.0,70.86665086363566,71.290529843624,70.68921315108237,70.80750495945122,9661224.0
2016-09-09,71.32,71.5099,70.3,70.3,12172571.0,0.0,1.0,70.30476477388363,70.49196156062733,69.29928440274844,69.29928440274844,12172571.0
2016-09-12,70.79,72.24,70.72,71.94,10864043.0,0.0,1.0,69.78230928692125,71.21166863804477,69.7133057320394,70.91593911712266,10864043.0
2016-09-13,71.84,71.91,71.15,71.46,7507915.0,0.0,1.0,70.81736261014863,70.88636616503045,70.13718471202777,70.44277188364728,7507915.0
2016-09-14,71.62,72.06,71.4,71.52,6980444.0,0.0,1.0,70.60049429480576,71.03423092549151,70.38362597946286,70.5019177878317,6980444.0
2016-09-15,71.48,72.56,71.26,72.4,7331924.0,0.0,1.0,70.4624871850421,71.5271134603617,70.24561886969921,71.36939104920324,7331924.0
2016-09-16,72.32,72.96,72.22,72.87,13935682.0,0.0,1.0,71.290529843624,71.92141948825784,71.19195333664997,71.83270063198123,13935682.0
2016-09-19,72.64,72.87,72.09,72.09,6920427.0,0.0,1.0,71.60597466594093,71.83270063198123,71.06380387758372,71.06380387758372,6920427.0
2016-09-20,72.15,72.55,71.9,71.97,5910377.0,0.0,1.0,71.12294978176816,71.51725580966429,70.87650851433305,70.94551206921487,5910377.0
2016-09-21,72.18,72.54,71.5126,72.19,6675884.0,0.0,1.0,71.15252273386037,71.5073981589669,70.49462312631563,71.16238038455776,6675884.0
2016-09-22,72.43,72.54,71.99,72.27,5869871.0,0.0,1.0,71.39896400129545,71.5073981589669,70.96522737060968,71.241241590137,5869871.0
2016-09-23,72.6,72.77,72.34,72.35,7696443.0,0.0,1.0,71.56654406315131,71.73412412500717,71.31024514501883,71.32010279571621,7696443.0
2016-09-26,72.31,72.33,71.52,71.62,5948669.0,0.0,1.0,71.28067219292662,71.30038749432141,70.5019177878317,70.60049429480576,5948669.0
2016-09-27,71.93,72.49,71.58,72.33,6344407.0,0.0,1.0,70.90608146642528,71.45810990547987,70.56106369201613,71.30038749432141,6344407.0
2016-09-28,72.22,72.32,71.38,71.79,6181910.0,0.0,1.0,71.19195333664997,71.290529843624,70.36391067806805,70.76807435666161,6181910.0
2016-09-29,71.57,71.71,70.62,70.73,7994362.0,0.0,1.0,70.55120604131872,70.68921315108237,69.61472922506537,69.72316338273681,7994362.0
2016-09-30,71.5,72.455,71.4,72.12,9972842.0,0.0,1.0,70.4822024864369,71.42360812803896,70.38362597946286,71.09337682967595,9972842.0
2016-10-03,71.83,72.145,71.6,72.01,5857243.0,0.0,1.0,70.80750495945122,71.11802095641944,70.58077899341093,70.9849426720045,5857243.0
2016-10-04,72.0,72.57,71.55,71.75,6569284.0,0.0,1.0,70.9750850213071,71.5369711110591,70.53149073992392,70.72864375387199,6569284.0
2016-10-05,71.87,72.265,71.6,71.67,6464442.0,0.0,1.0,70.84693556224084,71.2363127647883,70.58077899341093,70.64978254829276,6464442.0
2016-10-06,70.2,70.43,68.89,69.36,20109218.0,0.0,1.0,69.20070789577441,69.4274338618147,67.90935565441453,68.37266523719249,20109218.0
2016-10-07,69.26,69.47,68.17,68.7,12648149.0,0.0,1.0,68.27408873021847,68.48109939486393,67.19960480420146,67.72206029116386,12648149.0
2016-10-10,68.75,68.96,67.75,67.98,8988413.0,0.0,1.0,67.77134854465086,67.97835920929634,66.7855834749105,67.01230944095079,8988413.0
2016-10-11,67.95,67.96,67.3,67.39,8591494.0,0.0,1.0,66.98273648885856,66.99259413955596,66.34198919352733,66.43070804980395,8591494.0
2016-10-12,67.74,67.91,67.3699,67.46,8939472.0,0.0,1.0,66.77572582421308,66.94330588606894,66.41089417190217,66.49971160468577,8939472.0
2016-10-13,67.19,68.54,67.07,68.23,9193819.0,0.0,1.0,66.23355503585587,67.5643378800054,66.11526322748703,67.25875070838588,9193819.0
2016-10-14,68.42,68.81,68.21,68.45,6415908.0,0.0,1.0,67.44604607163654,67.8304944488353,67.23903540699106,67.47561902372875,6415908.0
2016-10-17,68.65,68.65,67.8,68.22,7493385.0,0.0,1.0,67.67277203767684,67.67277203767684,66.8348717283975,67.24889305768846,7493385.0
2016-10-18,68.57,68.98,68.23,68.87,7857699.0,0.0,1.0,67.59391083209759,67.99807451069115,67.25875070838588,67.88964035301971,7857699.0
2016-10-19,69.22,69.34,68.695,68.89,7123273.0,0.0,1.0,68.23465812742884,68.3529499357977,67.71713146581514,67.90935565441453,7123273.0
2016-10-20,68.98,69.08,68.57,68.73,6292827.0,0.0,1.0,67.99807451069115,68.0966510176652,67.59391083209759,67.75163324325607,6292827.0
2016-10-21,68.34,68.63,67.99,68.34,7839538.0,0.0,1.0,67.36718486605731,67.65305673628201,67.02216709164817,67.36718486605731,7839538.0
2016-10-24,68.62,69.37,68.39,69.19,7163632.0,0.0,1.0,67.64319908558463,68.3825228878899,67.41647311954434,68.20508517533663,7163632.0
2016-10-25,69.01,69.87,69.0,69.36,7629748.0,0.0,1.0,68.02764746278336,68.8754054227601,68.01778981208597,68.37266523719249,7629748.0
2016-10-26,69.3,69.81,69.14,69.59,5046878.0,0.0,1.0,68.31351933300807,68.81625951857566,68.15579692184961,68.59939120323278,5046878.0
2016-10-27,69.6,70.0,69.39,69.83,7131613.0,0.0,1.0,68.60924885393018,69.00355488182633,68.4022381892847,68.83597481997047,7131613.0
2016-10-28,69.8,70.21,69.73,69.99,6952758.0,0.0,1.0,68.80640186787826,69.21056554647181,68.73739831299645,68.99369723112893,6952758.0
2016-10-31,70.06,70.17,69.85,70.02,6389047.0,0.0,1.0,69.06270078601077,69.1711349436822,68.85569012136527,69.02327018322114,6389047.0
2016-11-01,69.98,70.06,69.14,69.3,8838558.0,0.0,1.0,68.98383958043154,69.06270078601077,68.15579692184961,68.31351933300807,8838558.0
2016-11-02,69.2,69.97,69.2,69.45,7645275.0,0.0,1.0,68.21494282603403,68.97398192973412,68.21494282603403,68.46138409346914,7645275.0
2016-11-03,69.63,70.08,69.35,69.63,6803817.0,0.0,1.0,68.63882180602239,69.08241608740556,68.3628075864951,68.63882180602239,6803817.0
2016-11-04,69.71,69.94,69.13,69.16,7261905.0,0.0,1.0,68.71768301160162,68.94440897764191,68.1459392711522,68.17551222324443,7261905.0
2016-11-07,69.62,69.84,69.16,69.78,9755441.0,0.0,1.0,68.628964155325,68.84583247066789,68.17551222324443,68.78668656648345,9755441.0
2016-11-08,69.71,70.04,69.47,69.79,7621195.0,0.0,1.0,68.71768301160162,69.04298548461595,68.48109939486393,68.79654421718087,7621195.0
2016-11-09,69.3,71.5,69.29,71.1,16779465.0,0.0,1.0,68.31351933300807,70.4822024864369,68.30366168231068,70.08789645854074,16779465.0
2016-11-10,71.25,72.09,71.0,71.39,14321257.0,0.0,1.0,70.2357612190018,71.06380387758372,69.98931995156671,70.37376832876546,14321257.0
2016-11-11,71.11,71.28,70.6,71.23,8223872.0,0.0,1.0,70.09775410923815,70.26533417109403,69.59501392367056,70.216045917607,8223872.0
2016-11-14,71.16,71.31,70.19,70.49,12917474.0,0.0,1.0,70.14704236272517,70.29490712318623,69.190850245077,69.48657976599911,12917474.0
2016-11-15,70.79,71.42,70.35,71.42,9725063.0,0.0,1.0,69.78230928692125,70.40334128085767,69.34857265623546,70.40334128085767,9725063.0
2016-11-16,71.75,72.06,71.33,71.39,11185658.0,0.0,1.0,70.72864375387199,71.03423092549151,70.31462242458103,70.37376832876546,11185658.0
2016-11-17,69.08,69.52,68.12,69.19,23436461.0,0.0,1.0,68.0966510176652,68.53038764835095,67.15031655071444,68.20508517533663,23436461.0
2016-11-18,68.93,69.4,68.44,68.54,11135265.0,0.0,1.0,67.94878625720415,68.41209583998211,67.46576137303136,67.5643378800054,11135265.0
2016-11-21,68.61,69.4,68.42,69.37,8355966.0,0.0,1.0,67.63334143488721,68.41209583998211,67.44604607163654,68.3825228878899,8355966.0
2016-11-22,69.73,70.42,69.73,70.12,10984049.0,0.0,1.0,68.73739831299645,69.4175762111173,68.73739831299645,69.12184669019518,10984049.0
2016-11-23,70.22,70.885,70.18,70.83,7442550.0,0.0,1.0,69.22042319716923,69.87595696854657,69.18099259437962,69.82173988971086,7442550.0
2016-11-25,71.11,71.65,70.98,71.23,4234383.0,0.0,1.0,70.09775410923815,70.63006724689797,69.96960465017192,70.216045917607,4234383.0
2016-11-28,70.93,71.52,70.8,71.19,7099193.0,0.0,1.0,69.9203163966849,70.5019177878317,69.79216693761863,70.17661531481738,7099193.0
2016-11-29,71.38,71.79,71.2,71.37,7310014.0,0.0,1.0,70.36391067806805,70.76807435666161,70.1864729655148,70.35405302737065,7310014.0
2016-11-30,70.92,71.16,70.165,70.43,9325187.0,0.0,1.0,69.91045874598748,70.14704236272517,69.1662061183335,69.4274338618147,9325187.0
2016-12-01,70.25,70.73,70.05,70.67,6849693.0,0.0,1.0,69.24999614926143,69.72316338273681,69.05284313531335,69.6640174785524,6849693.0
2016-12-02,70.58,70.95,70.45,70.88,6674206.0,0.0,1.0,69.57529862227575,69.9400316980797,69.44714916320952,69.87102814319786,6674206.0
2016-12-05,70.9,70.99,69.81,69.94,10527877.0,0.0,1.0,69.89074344459269,69.9794623008693,68.81625951857566,68.94440897764191,10527877.0
2016-12-06,70.01,70.39,69.5,70.36,7778009.0,0.0,1.0,69.01341253252374,69.38800325902508,68.51067234695616,69.35843030693287,7778009.0
2016-12-07,69.93,70.65,69.9,70.6,6966249.0,0.5,1.0,69.42275636467075,70.1375337789788,69.39297397240792,70.08789645854074,6966249.0
2016-12-08,70.48,70.9,70.32,70.34,6844192.0,0.0,1.0,69.9687668894894,70.38572038116911,69.80992746408761,69.82978239226284,6844192.0
2016-12-09,70.27,70.43,69.74,70.08,10756653.0,0.0,1.0,69.76029014364954,69.91912956905135,69.23413454700611,69.57166832598492,10756653.0
2016-12-12,70.07,71.78,70.02,71.67,9083716.0,0.0,1.0,69.5617408618973,71.25933722087896,69.51210354145924,71.15013511591523,9083716.0
2016-12-13,71.67,72.23,71.61,71.8,8887510.0,0.0,1.0,71.15013511591523,71.7060731048215,71.09057033138956,71.27919214905418,8887510.0
2016-12-14,71.9,72.48,71.18,71.34,8668778.0,0.0,1.0,71.37846678993031,71.9542597070118,70.66368937562224,70.82252880102403,8668778.0
2016-12-15,71.22,71.8,71.03,71.08,7136295.0,0.0,1.0,70.70339923197268,71.27919214905418,70.51477741430806,70.56441473474612,7136295.0
2016-12-16,71.07,71.64,70.595,70.98,17832196.0,0.0,1.0,70.5544872706585,71.12035272365239,70.08293272649694,70.46514009387,17832196.0
2016-12-19,70.84,71.749,70.84,71.58,5889328.0,0.0,1.0,70.32615559664343,71.22856208220736,70.32615559664343,71.06078793912673,5889328.0
2016-12-20,71.73,71.9332,71.51,71.82,6108070.0,0.0,1.0,71.20969990044091,71.41142597070117,70.99129569051344,71.2990470772294,6108070.0
2016-12-21,71.66,72.0,71.24,71.24,5100967.0,0.0,1.0,71.14020765182761,71.47774143080642,70.7232541601479,70.7232541601479,5100967.0
2016-12-22,71.24,71.24,69.21,69.59,12106081.0,0.0,1.0,70.7232541601479,70.7232541601479,68.70797895036267,69.08522258569194,12106081.0
2016-12-23,69.43,69.749,69.36,69.54,4803947.0,0.0,1.0,68.92638316029014,69.24306926468496,68.85689091167686,69.03558526525387,4803947.0
2016-12-27,69.3,69.815,69.25,69.7,4435668.0,0.0,1.0,68.79732612715118,69.3085905276632,68.74768880671313,69.19442469065567,4435668.0
2016-12-28,69.94,70.0,69.26,69.31,4875301.0,0.0,1.0,69.43268382875836,69.49224861328402,68.75761627080074,68.8072535912388,4875301.0
2016-12-29,69.21,69.52,69.12,69.26,4298446.0,0.0,1.0,68.70797895036267,69.01573033707865,68.61863177357418,68.75761627080074,4298446.0
2016-12-30,69.12,69.43,68.83,69.12,6889478.0,0.0,1.0,68.61863177357418,68.92638316029014,68.33073531503342,68.61863177357418,6889478.0
