Date,stock_ret,bench_ret,stock_ret_01,stock_ret_02,stock_ret_03,stock_ret_04,stock_ret_05,stock_ret_06,stock_ret_07,stock_ret_08,stock_ret_09,stock_ret_10,const
2016-01-04,,,,,,,,,,,,,1
2016-01-05,0.02375528799219027,0.002012226074739071,,,,,,,,,,,1
2016-01-06,0.01001271455816892,-0.013115396617014987,0.02375528799219027,,,,,,,,,,1
2016-01-07,0.023288749016522597,-0.023700443039098285,0.01001271455816892,0.02375528799219027,,,,,,,,,1
2016-01-08,-0.022912501922189788,-0.01083837463447639,0.023288749016522597,0.01001271455816892,0.02375528799219027,,,,,,,,1
2016-01-11,0.010701920050361911,0.0008532723085775346,-0.022912501922189788,0.023288749016522597,0.01001271455816892,0.02375528799219027,,,,,,,1
2016-01-12,-0.009342883836810966,0.007802798638371756,0.010701920050361911,-0.022912501922189788,0.023288749016522597,0.01001271455816892,0.02375528799219027,,,,,,1
2016-01-13,-0.026721156868908927,-0.024965452602732516,-0.009342883836810966,0.010701920050361911,-0.022912501922189788,0.023288749016522597,0.01001271455816892,0.02375528799219027,,,,,1
2016-01-14,0.018410852713178202,0.016695905641396367,-0.026721156868908927,-0.009342883836810966,0.010701920050361911,-0.022912501922189788,0.023288749016522597,0.01001271455816892,0.02375528799219027,,,,1
2016-01-15,-0.01791944180145898,-0.021599098121784087,0.018410852713178202,-0.026721156868908927,-0.009342883836810966,0.010701920050361911,-0.022912501922189788,0.023288749016522597,0.01001271455816892,0.02375528799219027,,,1
2016-01-19,0.010172775714516441,0.0005318215544080819,-0.01791944180145898,0.018410852713178202,-0.026721156868908927,-0.009342883836810966,0.010701920050361911,-0.022912501922189788,0.023288749016522597,0.01001271455816892,0.02375528799219027,,1
2016-01-20,-0.027493606138107494,-0.01169385515275344,0.010172775714516441,-0.01791944180145898,0.018410852713178202,-0.026721156868908927,-0.009342883836810966,0.010701920050361911,-0.022912501922189788,0.023288749016522597,0.01001271455816892,0.02375528799219027,1
2016-01-21,0.017094017094017123,0.005195438264643329,-0.027493606138107494,0.010172775714516441,-0.01791944180145898,0.018410852713178202,-0.026721156868908927,-0.009342883836810966,0.010701920050361911,-0.022912501922189788,0.023288749016522597,0.01001271455816892,1
2016-01-22,0.013089851325145422,0.020283700930896906,0.017094017094017123,-0.027493606138107494,0.010172775714516441,-0.01791944180145898,0.018410852713178202,-0.026721156868908927,-0.009342883836810966,0.010701920050361911,-0.022912501922189788,0.023288749016522597,1
2016-01-25,0.012123145637262701,-0.015637981868314242,0.013089851325145422,0.017094017094017123,-0.027493606138107494,0.010172775714516441,-0.01791944180145898,0.018410852713178202,-0.026721156868908927,-0.009342883836810966,0.010701920050361911,-0.022912501922189788,1
2016-01-26,0.00866824271079579,0.014144335682203713,0.012123145637262701,0.013089851325145422,0.017094017094017123,-0.027493606138107494,0.010172775714516441,-0.01791944180145898,0.018410852713178202,-0.026721156868908927,-0.009342883836810966,0.010701920050361911,1
2016-01-27,-0.0007812499999997702,-0.010863483946818714,0.00866824271079579,0.012123145637262701,0.013089851325145422,0.017094017094017123,-0.027493606138107494,0.010172775714516441,-0.01791944180145898,0.018410852713178202,-0.026721156868908927,-0.009342883836810966,1
2016-01-28,0.004222048475371223,0.005528577110863419,-0.0007812499999997702,0.00866824271079579,0.012123145637262701,0.013089851325145422,0.017094017094017123,-0.027493606138107494,0.010172775714516441,-0.01791944180145898,0.018410852713178202,-0.026721156868908927,1
2016-01-29,0.0333229523512927,0.024760217481832835,0.004222048475371223,-0.0007812499999997702,0.00866824271079579,0.012123145637262701,0.013089851325145422,0.017094017094017123,-0.027493606138107494,0.010172775714516441,-0.01791944180145898,0.018410852713178202,1
2016-02-01,0.017179023508137124,-0.0004432364060282173,0.0333229523512927,0.004222048475371223,-0.0007812499999997702,0.00866824271079579,0.012123145637262701,0.013089851325145422,0.017094017094017123,-0.027493606138107494,0.010172775714516441,-0.01791944180145898,1
2016-02-02,-0.009481481481481398,-0.01874309104264482,0.017179023508137124,0.0333229523512927,0.004222048475371223,-0.0007812499999997702,0.00866824271079579,0.012123145637262701,0.013089851325145422,0.017094017094017123,-0.027493606138107494,0.010172775714516441,1
2016-02-03,-0.008824409213281398,0.004992038935398218,-0.009481481481481398,0.017179023508137124,0.0333229523512927,0.004222048475371223,-0.0007812499999997702,0.00866824271079579,0.012123145637262701,0.013089851325145422,0.017094017094017123,-0.027493606138107494,1
2016-02-04,0.0022634676324128572,0.0015267326294096282,-0.008824409213281398,-0.009481481481481398,0.017179023508137124,0.0333229523512927,0.004222048475371223,-0.0007812499999997702,0.00866824271079579,0.012123145637262701,0.013089851325145422,0.017094017094017123,1
2016-02-05,0.0087323095453175,-0.018481246133065947,0.0022634676324128572,-0.008824409213281398,-0.009481481481481398,0.017179023508137124,0.0333229523512927,0.004222048475371223,-0.0007812499999997702,0.00866824271079579,0.012123145637262701,0.013089851325145422,1
2016-02-08,-0.0014925373134326166,-0.014153935962584503,0.0087323095453175,0.0022634676324128572,-0.008824409213281398,-0.009481481481481398,0.017179023508137124,0.0333229523512927,0.004222048475371223,-0.0007812499999997702,0.00866824271079579,0.012123145637262701,1
2016-02-09,-0.01629297458893885,-0.0006636201005447463,-0.0014925373134326166,0.0087323095453175,0.0022634676324128572,-0.008824409213281398,-0.009481481481481398,0.017179023508137124,0.0333229523512927,0.004222048475371223,-0.0007812499999997702,0.00866824271079579,1
2016-02-10,-0.00030390518158330133,-0.00018895050095239695,-0.01629297458893885,-0.0014925373134326166,0.0087323095453175,0.0022634676324128572,-0.008824409213281398,-0.009481481481481398,0.017179023508137124,0.0333229523512927,0.004222048475371223,-0.0007812499999997702,1
2016-02-11,-0.007143942848457394,-0.012301161634528346,-0.00030390518158330133,-0.01629297458893885,-0.0014925373134326166,0.0087323095453175,0.0022634676324128572,-0.008824409213281398,-0.009481481481481398,0.017179023508137124,0.0333229523512927,0.004222048475371223,1
2016-02-12,0.013165952235150352,0.01951804943402934,-0.007143942848457394,-0.00030390518158330133,-0.01629297458893885,-0.0014925373134326166,0.0087323095453175,0.0022634676324128572,-0.008824409213281398,-0.009481481481481398,0.017179023508137124,0.0333229523512927,1
2016-02-16,-0.004230885463886416,0.016516654254666408,0.013165952235150352,-0.007143942848457394,-0.00030390518158330133,-0.01629297458893885,-0.0014925373134326166,0.0087323095453175,0.0022634676324128572,-0.008824409213281398,-0.009481481481481398,0.017179023508137124,1
2016-02-17,0.0031866464339907617,0.0164804390873187,-0.004230885463886416,0.013165952235150352,-0.007143942848457394,-0.00030390518158330133,-0.01629297458893885,-0.0014925373134326166,0.0087323095453175,0.0022634676324128572,-0.008824409213281398,-0.009481481481481398,1
2016-02-18,-0.030101346241113106,-0.004665713586089409,0.0031866464339907617,-0.004230885463886416,0.013165952235150352,-0.007143942848457394,-0.00030390518158330133,-0.01629297458893885,-0.0014925373134326166,0.0087323095453175,0.0022634676324128572,-0.008824409213281398,1
2016-02-19,0.00842170929507165,-2.603306922159567e-05,-0.030101346241113106,0.0031866464339907617,-0.004230885463886416,0.013165952235150352,-0.007143942848457394,-0.00030390518158330133,-0.01629297458893885,-0.0014925373134326166,0.0087323095453175,0.0022634676324128572,1
2016-02-22,0.015001546551190575,0.014454197343192787,0.00842170929507165,-0.030101346241113106,0.0031866464339907617,-0.004230885463886416,0.013165952235150352,-0.007143942848457394,-0.00030390518158330133,-0.01629297458893885,-0.0014925373134326166,0.0087323095453175,1
2016-02-23,0.01295139417949143,-0.012454371626831185,0.015001546551190575,0.00842170929507165,-0.030101346241113106,0.0031866464339907617,-0.004230885463886416,0.013165952235150352,-0.007143942848457394,-0.00030390518158330133,-0.01629297458893885,-0.0014925373134326166,1
2016-02-24,0.00962695547533084,0.00443978665736949,0.01295139417949143,0.015001546551190575,0.00842170929507165,-0.030101346241113106,0.0031866464339907617,-0.004230885463886416,0.013165952235150352,-0.007143942848457394,-0.00030390518158330133,-0.01629297458893885,1
2016-02-25,0.013706793802145371,0.011348275180813881,0.00962695547533084,0.01295139417949143,0.015001546551190575,0.00842170929507165,-0.030101346241113106,0.0031866464339907617,-0.004230885463886416,0.013165952235150352,-0.007143942848457394,-0.00030390518158330133,1
2016-02-26,-0.02248677248677243,-0.0018701143063153721,0.013706793802145371,0.00962695547533084,0.01295139417949143,0.015001546551190575,0.00842170929507165,-0.030101346241113106,0.0031866464339907617,-0.004230885463886416,0.013165952235150352,-0.007143942848457394,1
2016-02-29,-0.002556006615546712,-0.008120976670040306,-0.02248677248677243,0.013706793802145371,0.00962695547533084,0.01295139417949143,0.015001546551190575,0.00842170929507165,-0.030101346241113106,0.0031866464339907617,-0.004230885463886416,0.013165952235150352,1
2016-03-01,0.001808863430811041,0.023868792264573044,-0.002556006615546712,-0.02248677248677243,0.013706793802145371,0.00962695547533084,0.01295139417949143,0.015001546551190575,0.00842170929507165,-0.030101346241113106,0.0031866464339907617,-0.004230885463886416,1
2016-03-02,-0.0037616611495636487,0.004094308437972685,0.001808863430811041,-0.002556006615546712,-0.02248677248677243,0.013706793802145371,0.00962695547533084,0.01295139417949143,0.015001546551190575,0.00842170929507165,-0.030101346241113106,0.0031866464339907617,1
2016-03-03,-0.0010572421084427894,0.0034987405529653573,-0.0037616611495636487,0.001808863430811041,-0.002556006615546712,-0.02248677248677243,0.013706793802145371,0.00962695547533084,0.01295139417949143,0.015001546551190575,0.00842170929507165,-0.030101346241113106,1
2016-03-04,0.009676443906864141,0.0033058924052666735,-0.0010572421084427894,-0.0037616611495636487,0.001808863430811041,-0.002556006615546712,-0.02248677248677243,0.013706793802145371,0.00962695547533084,0.01295139417949143,0.015001546551190575,0.00842170929507165,1
2016-03-07,0.01662174303683736,0.0008850144294974127,0.009676443906864141,-0.0010572421084427894,-0.0037616611495636487,0.001808863430811041,-0.002556006615546712,-0.02248677248677243,0.013706793802145371,0.00962695547533084,0.01295139417949143,0.015001546551190575,1
2016-03-08,0.0022094564737075773,-0.01124010864818905,0.01662174303683736,0.009676443906864141,-0.0010572421084427894,-0.0037616611495636487,0.001808863430811041,-0.002556006615546712,-0.02248677248677243,0.013706793802145371,0.00962695547533084,0.01295139417949143,1
2016-03-09,-0.00014697236919456981,0.005052393293188397,0.0022094564737075773,0.01662174303683736,0.009676443906864141,-0.0010572421084427894,-0.0037616611495636487,0.001808863430811041,-0.002556006615546712,-0.02248677248677243,0.013706793802145371,0.00962695547533084,1
2016-03-10,-0.0017769880053311233,0.00015580467030042977,-0.00014697236919456981,0.0022094564737075773,0.01662174303683736,0.009676443906864141,-0.0010572421084427894,-0.0037616611495636487,0.001808863430811041,-0.002556006615546712,-0.02248677248677243,0.013706793802145371,1
2016-03-11,-0.0035603026257230723,0.016395500477669567,-0.0017769880053311233,-0.00014697236919456981,0.0022094564737075773,0.01662174303683736,0.009676443906864141,-0.0010572421084427894,-0.0037616611495636487,0.001808863430811041,-0.002556006615546712,-0.02248677248677243,1
2016-03-14,0.0028286437397646667,-0.0012609725467921024,-0.0035603026257230723,-0.0017769880053311233,-0.00014697236919456981,0.0022094564737075773,0.01662174303683736,0.009676443906864141,-0.0010572421084427894,-0.0037616611495636487,0.001808863430811041,-0.002556006615546712,1
2016-03-15,0.010837292161520367,-0.0018369417185468179,0.0028286437397646667,-0.0035603026257230723,-0.0017769880053311233,-0.00014697236919456981,0.0022094564737075773,0.01662174303683736,0.009676443906864141,-0.0010572421084427894,-0.0037616611495636487,0.001808863430811041,1
2016-03-16,-0.0014686444411809933,0.005600351548705102,0.010837292161520367,0.0028286437397646667,-0.0035603026257230723,-0.0017769880053311233,-0.00014697236919456981,0.0022094564737075773,0.01662174303683736,0.009676443906864141,-0.0010572421084427894,-0.0037616611495636487,1
2016-03-17,-0.007942344462420797,0.006595236427847926,-0.0014686444411809933,0.010837292161520367,0.0028286437397646667,-0.0035603026257230723,-0.0017769880053311233,-0.00014697236919456981,0.0022094564737075773,0.01662174303683736,0.009676443906864141,-0.0010572421084427894,1
2016-03-18,-0.007412898443291269,0.004405643539266504,-0.007942344462420797,-0.0014686444411809933,0.010837292161520367,0.0028286437397646667,-0.0035603026257230723,-0.0017769880053311233,-0.00014697236919456981,0.0022094564737075773,0.01662174303683736,0.009676443906864141,1
2016-03-21,0.015235250186706333,0.0009855774954502321,-0.007412898443291269,-0.007942344462420797,-0.0014686444411809933,0.010837292161520367,0.0028286437397646667,-0.0035603026257230723,-0.0017769880053311233,-0.00014697236919456981,0.0022094564737075773,0.01662174303683736,1
2016-03-22,-0.0014712373105779698,-0.0008773878504659462,0.015235250186706333,-0.007412898443291269,-0.007942344462420797,-0.0014686444411809933,0.010837292161520367,0.0028286437397646667,-0.0035603026257230723,-0.0017769880053311233,-0.00014697236919456981,0.0022094564737075773,1
2016-03-23,-0.0060409606600857115,-0.006386031655324604,-0.0014712373105779698,0.015235250186706333,-0.007412898443291269,-0.007942344462420797,-0.0014686444411809933,0.010837292161520367,0.0028286437397646667,-0.0035603026257230723,-0.0017769880053311233,-0.00014697236919456981,1
2016-03-24,0.008004743551734429,-0.00037807052292406954,-0.0060409606600857115,-0.0014712373105779698,0.015235250186706333,-0.007412898443291269,-0.007942344462420797,-0.0014686444411809933,0.010837292161520367,0.0028286437397646667,-0.0035603026257230723,-0.0017769880053311233,1
2016-03-28,0.0017647058823530995,0.0005452557698998719,0.008004743551734429,-0.0060409606600857115,-0.0014712373105779698,0.015235250186706333,-0.007412898443291269,-0.007942344462420797,-0.0014686444411809933,0.010837292161520367,0.0028286437397646667,-0.0035603026257230723,1
2016-03-29,-0.0013211978860835007,0.008816651809226127,0.0017647058823530995,0.008004743551734429,-0.0060409606600857115,-0.0014712373105779698,0.015235250186706333,-0.007412898443291269,-0.007942344462420797,-0.0014686444411809933,0.010837292161520367,0.0028286437397646667,1
2016-03-30,0.011318535940026329,0.004350315062455628,-0.0013211978860835007,0.0017647058823530995,0.008004743551734429,-0.0060409606600857115,-0.0014712373105779698,0.015235250186706333,-0.007412898443291269,-0.007942344462420797,-0.0014686444411809933,0.010837292161520367,1
2016-03-31,-0.004505813953488423,-0.0020397592480187136,0.011318535940026329,-0.0013211978860835007,0.0017647058823530995,0.008004743551734429,-0.0060409606600857115,-0.0014712373105779698,0.015235250186706333,-0.007412898443291269,-0.007942344462420797,-0.0014686444411809933,1
2016-04-01,0.008322382829610269,0.006330915097686664,-0.004505813953488423,0.011318535940026329,-0.0013211978860835007,0.0017647058823530995,0.008004743551734429,-0.0060409606600857115,-0.0014712373105779698,0.015235250186706333,-0.007412898443291269,-0.007942344462420797,1
2016-04-04,0.0005792064871125665,-0.0032083221118300365,0.008322382829610269,-0.004505813953488423,0.011318535940026329,-0.0013211978860835007,0.0017647058823530995,0.008004743551734429,-0.0060409606600857115,-0.0014712373105779698,0.015235250186706333,-0.007412898443291269,1
2016-04-05,-0.006657018813313648,-0.01014449245057428,0.0005792064871125665,0.008322382829610269,-0.004505813953488423,0.011318535940026329,-0.0013211978860835007,0.0017647058823530995,0.008004743551734429,-0.0060409606600857115,-0.0014712373105779698,0.015235250186706333,1
2016-04-06,0.005827505827505781,0.010507619189438844,-0.006657018813313648,0.0005792064871125665,0.008322382829610269,-0.004505813953488423,0.011318535940026329,-0.0013211978860835007,0.0017647058823530995,0.008004743551734429,-0.0060409606600857115,-0.0014712373105779698,1
2016-04-07,-0.01187717265353447,-0.011975786560861146,0.005827505827505781,-0.006657018813313648,0.0005792064871125665,0.008322382829610269,-0.004505813953488423,0.011318535940026329,-0.0013211978860835007,0.0017647058823530995,0.008004743551734429,-0.0060409606600857115,1
2016-04-08,-0.002345353268835972,0.0027865782063149413,-0.01187717265353447,0.005827505827505781,-0.006657018813313648,0.0005792064871125665,0.008322382829610269,-0.004505813953488423,0.011318535940026329,-0.0013211978860835007,0.0017647058823530995,0.008004743551734429,1
2016-04-11,-0.00969732588892155,-0.002739786123146736,-0.002345353268835972,-0.01187717265353447,0.005827505827505781,-0.006657018813313648,0.0005792064871125665,0.008322382829610269,-0.004505813953488423,0.011318535940026329,-0.0013211978860835007,0.0017647058823530995,1
2016-04-12,0.020771513353115566,0.009662134044055809,-0.00969732588892155,-0.002345353268835972,-0.01187717265353447,0.005827505827505781,-0.006657018813313648,0.0005792064871125665,0.008322382829610269,-0.004505813953488423,0.011318535940026329,-0.0013211978860835007,1
2016-04-13,0.005087209302325968,0.010040137017230288,0.020771513353115566,-0.00969732588892155,-0.002345353268835972,-0.01187717265353447,0.005827505827505781,-0.006657018813313648,0.0005792064871125665,0.008322382829610269,-0.004505813953488423,0.011318535940026329,1
2016-04-14,-0.005061460592914338,0.00017292717774910476,0.005087209302325968,0.020771513353115566,-0.00969732588892155,-0.002345353268835972,-0.01187717265353447,0.005827505827505781,-0.006657018813313648,0.0005792064871125665,0.008322382829610269,-0.004505813953488423,1
2016-04-15,0.0037790697674419164,-0.0009842849323767663,-0.005061460592914338,0.005087209302325968,0.020771513353115566,-0.00969732588892155,-0.002345353268835972,-0.01187717265353447,0.005827505827505781,-0.006657018813313648,0.0005792064871125665,0.008322382829610269,1
2016-04-18,0.011584129742253235,0.0065410255683439784,0.0037790697674419164,-0.005061460592914338,0.005087209302325968,0.020771513353115566,-0.00969732588892155,-0.002345353268835972,-0.01187717265353447,0.005827505827505781,-0.006657018813313648,0.0005792064871125665,1
2016-04-19,-0.0012882908674492996,0.0030844851975158397,0.011584129742253235,0.0037790697674419164,-0.005061460592914338,0.005087209302325968,0.020771513353115566,-0.00969732588892155,-0.002345353268835972,-0.01187717265353447,0.005827505827505781,-0.006657018813313648,1
2016-04-20,-0.008026372366346589,0.0007615446318947447,-0.0012882908674492996,0.011584129742253235,0.0037790697674419164,-0.005061460592914338,0.005087209302325968,0.020771513353115566,-0.00969732588892155,-0.002345353268835972,-0.01187717265353447,0.005827505827505781,1
2016-04-21,-0.010692096517844286,-0.00519402706859527,-0.008026372366346589,-0.0012882908674492996,0.011584129742253235,0.0037790697674419164,-0.005061460592914338,0.005087209302325968,0.020771513353115566,-0.00969732588892155,-0.002345353268835972,-0.01187717265353447,1
2016-04-22,0.0036512341171317762,4.7859889148873896e-05,-0.010692096517844286,-0.008026372366346589,-0.0012882908674492996,0.011584129742253235,0.0037790697674419164,-0.005061460592914338,0.005087209302325968,0.020771513353115566,-0.00969732588892155,-0.002345353268835972,1
2016-04-25,0.010913853317811324,-0.001812045849864888,0.0036512341171317762,-0.010692096517844286,-0.008026372366346589,-0.0012882908674492996,0.011584129742253235,0.0037790697674419164,-0.005061460592914338,0.005087209302325968,0.020771513353115566,-0.00969732588892155,1
2016-04-26,-0.0024470994673959374,0.0018727515348587582,0.010913853317811324,0.0036512341171317762,-0.010692096517844286,-0.008026372366346589,-0.0012882908674492996,0.011584129742253235,0.0037790697674419164,-0.005061460592914338,0.005087209302325968,0.020771513353115566,1
2016-04-27,0.0017316017316016759,0.0016493527182762052,-0.0024470994673959374,0.010913853317811324,0.0036512341171317762,-0.010692096517844286,-0.008026372366346589,-0.0012882908674492996,0.011584129742253235,0.0037790697674419164,-0.005061460592914338,0.005087209302325968,1
2016-04-28,-0.007346585998271419,-0.009230768157227636,0.0017316017316016759,-0.0024470994673959374,0.010913853317811324,0.0036512341171317762,-0.010692096517844286,-0.008026372366346589,-0.0012882908674492996,0.011584129742253235,0.0037790697674419164,-0.005061460592914338,1
2016-04-29,-0.029603831084022748,-0.005063088481738572,-0.007346585998271419,0.0017316017316016759,-0.0024470994673959374,0.010913853317811324,0.0036512341171317762,-0.010692096517844286,-0.008026372366346589,-0.0012882908674492996,0.011584129742253235,0.0037790697674419164,1
2016-05-02,0.010767160161507715,0.007809946553678731,-0.029603831084022748,-0.007346585998271419,0.0017316017316016759,-0.0024470994673959374,0.010913853317811324,0.0036512341171317762,-0.010692096517844286,-0.008026372366346589,-0.0012882908674492996,0.011584129742253235,1
2016-05-03,-0.008729101938156592,-0.008676638460102444,0.010767160161507715,-0.029603831084022748,-0.007346585998271419,0.0017316017316016759,-0.0024470994673959374,0.010913853317811324,0.0036512341171317762,-0.010692096517844286,-0.008026372366346589,-0.0012882908674492996,1
2016-05-04,0.0028358208955222785,-0.005936889314753994,-0.008729101938156592,0.010767160161507715,-0.029603831084022748,-0.007346585998271419,0.0017316017316016759,-0.0024470994673959374,0.010913853317811324,0.0036512341171317762,-0.010692096517844286,-0.008026372366346589,1
2016-05-05,0.0002976633427592934,-0.00023900794299546254,0.0028358208955222785,-0.008729101938156592,0.010767160161507715,-0.029603831084022748,-0.007346585998271419,0.0017316017316016759,-0.0024470994673959374,0.010913853317811324,0.0036512341171317762,-0.010692096517844286,1
2016-05-06,0.015473887814313357,0.0031746391945076426,0.0002976633427592934,0.0028358208955222785,-0.008729101938156592,0.010767160161507715,-0.029603831084022748,-0.007346585998271419,0.0017316017316016759,-0.0024470994673959374,0.010913853317811324,0.0036512341171317762,1
2016-05-09,0.010256410256410392,0.0007534966412709886,0.015473887814313357,0.0002976633427592934,0.0028358208955222785,-0.008729101938156592,0.010767160161507715,-0.029603831084022748,-0.007346585998271419,0.0017316017316016759,-0.0024470994673959374,0.010913853317811324,1
2016-05-10,-0.002320522117476499,0.012483643839788859,0.010256410256410392,0.015473887814313357,0.0002976633427592934,0.0028358208955222785,-0.008729101938156592,0.010767160161507715,-0.029603831084022748,-0.007346585998271419,0.0017316017316016759,-0.0024470994673959374,1
2016-05-11,-0.02732955371420269,-0.009561518249023676,-0.002320522117476499,0.010256410256410392,0.015473887814313357,0.0002976633427592934,0.0028358208955222785,-0.008729101938156592,0.010767160161507715,-0.029603831084022748,-0.007346585998271419,0.0017316017316016759,1
2016-05-12,0.006625508206595191,-0.00016946514178486907,-0.02732955371420269,-0.002320522117476499,0.010256410256410392,0.015473887814313357,0.0002976633427592934,0.0028358208955222785,-0.008729101938156592,0.010767160161507715,-0.029603831084022748,-0.007346585998271419,1
2016-05-13,-0.028571428571428317,-0.008478288992748932,0.006625508206595191,-0.02732955371420269,-0.002320522117476499,0.010256410256410392,0.015473887814313357,0.0002976633427592934,0.0028358208955222785,-0.008729101938156592,0.010767160161507715,-0.029603831084022748,1
2016-05-16,0.01663073606405901,0.009796652584981903,-0.028571428571428317,0.006625508206595191,-0.02732955371420269,-0.002320522117476499,0.010256410256410392,0.015473887814313357,0.0002976633427592934,0.0028358208955222785,-0.008729101938156592,0.010767160161507715,1
2016-05-17,-0.013935171160254495,-0.009411297372666149,0.01663073606405901,-0.028571428571428317,0.006625508206595191,-0.02732955371420269,-0.002320522117476499,0.010256410256410392,0.015473887814313357,0.0002976633427592934,0.0028358208955222785,-0.008729101938156592,1
2016-05-18,-0.029953917050691194,0.00020517875938566796,-0.013935171160254495,0.01663073606405901,-0.028571428571428317,0.006625508206595191,-0.02732955371420269,-0.002320522117476499,0.010256410256410392,0.015473887814313357,0.0002976633427592934,0.0028358208955222785,1
2016-05-19,0.09580364212193193,-0.003706707745767773,-0.029953917050691194,-0.013935171160254495,0.01663073606405901,-0.028571428571428317,0.006625508206595191,-0.02732955371420269,-0.002320522117476499,0.010256410256410392,0.015473887814313357,0.0002976633427592934,1
2016-05-20,0.009537572254335285,0.0060195039142562695,0.09580364212193193,-0.029953917050691194,-0.013935171160254495,0.01663073606405901,-0.028571428571428317,0.006625508206595191,-0.02732955371420269,-0.002320522117476499,0.010256410256410392,0.015473887814313357,1
2016-05-23,-0.005153163469796769,-0.002085458826200989,0.009537572254335285,0.09580364212193193,-0.029953917050691194,-0.013935171160254495,0.01663073606405901,-0.028571428571428317,0.006625508206595191,-0.02732955371420269,-0.002320522117476499,0.010256410256410392,1
2016-05-24,0.010647482014388289,0.013681382915580749,-0.005153163469796769,0.009537572254335285,0.09580364212193193,-0.029953917050691194,-0.013935171160254495,0.01663073606405901,-0.028571428571428317,0.006625508206595191,-0.02732955371420269,-0.002320522117476499,1
2016-05-25,0.003416856492027495,0.00697474041621648,0.010647482014388289,-0.005153163469796769,0.009537572254335285,0.09580364212193193,-0.029953917050691194,-0.013935171160254495,0.01663073606405901,-0.028571428571428317,0.006625508206595191,-0.02732955371420269,1
2016-05-26,0.005249716231554953,-0.00021044370918173544,0.003416856492027495,0.010647482014388289,-0.005153163469796769,0.009537572254335285,0.09580364212193193,-0.029953917050691194,-0.013935171160254495,0.01663073606405901,-0.028571428571428317,0.006625508206595191,1
2016-05-27,-0.001411432604093084,0.004286857365622698,0.005249716231554953,0.003416856492027495,0.010647482014388289,-0.005153163469796769,0.009537572254335285,0.09580364212193193,-0.029953917050691194,-0.013935171160254495,0.01663073606405901,-0.028571428571428317,1
2016-05-31,0.00042402826855125655,-0.0010052632800821898,-0.001411432604093084,0.005249716231554953,0.003416856492027495,0.010647482014388289,-0.005153163469796769,0.009537572254335285,0.09580364212193193,-0.029953917050691194,-0.013935171160254495,0.01663073606405901,1
2016-06-01,-0.00395591975134244,0.001135042349897221,0.00042402826855125655,-0.001411432604093084,0.005249716231554953,0.003416856492027495,0.010647482014388289,-0.005153163469796769,0.009537572254335285,0.09580364212193193,-0.029953917050691194,-0.013935171160254495,1
2016-06-02,0.006382978723404555,0.002824678244809108,-0.00395591975134244,0.00042402826855125655,-0.001411432604093084,0.005249716231554953,0.003416856492027495,0.010647482014388289,-0.005153163469796769,0.009537572254335285,0.09580364212193193,-0.029953917050691194,1
2016-06-03,-0.0011275546159268978,-0.0029118146788910683,0.006382978723404555,-0.00395591975134244,0.00042402826855125655,-0.001411432604093084,0.005249716231554953,0.003416856492027495,0.010647482014388289,-0.005153163469796769,0.009537572254335285,0.09580364212193193,1
2016-06-06,0.002539861718639882,0.004897281051188994,-0.0011275546159268978,0.006382978723404555,-0.00395591975134244,0.00042402826855125655,-0.001411432604093084,0.005249716231554953,0.003416856492027495,0.010647482014388289,-0.005153163469796769,0.009537572254335285,1
2016-06-07,-0.00028149190710741146,0.0012894463918682543,0.002539861718639882,-0.0011275546159268978,0.006382978723404555,-0.00395591975134244,0.00042402826855125655,-0.001411432604093084,0.005249716231554953,0.003416856492027495,0.010647482014388289,-0.005153163469796769,1
2016-06-08,0.003519639588905919,0.003309566355868269,-0.00028149190710741146,0.002539861718639882,-0.0011275546159268978,0.006382978723404555,-0.00395591975134244,0.00042402826855125655,-0.001411432604093084,0.005249716231554953,0.003416856492027495,0.010647482014388289,1
2016-06-09,-0.0026655443322107838,-0.0017177586918261142,0.003519639588905919,-0.00028149190710741146,0.002539861718639882,-0.0011275546159268978,0.006382978723404555,-0.00395591975134244,0.00042402826855125655,-0.001411432604093084,0.005249716231554953,0.003416856492027495,1
2016-06-10,0.0007033338022222952,-0.009175181133125201,-0.0026655443322107838,0.003519639588905919,-0.00028149190710741146,0.002539861718639882,-0.0011275546159268978,0.006382978723404555,-0.00395591975134244,0.00042402826855125655,-0.001411432604093084,0.005249716231554953,1
2016-06-13,-0.008574641551869816,-0.008115191023280278,0.0007033338022222952,-0.0026655443322107838,0.003519639588905919,-0.00028149190710741146,0.002539861718639882,-0.0011275546159268978,0.006382978723404555,-0.00395591975134244,0.00042402826855125655,-0.001411432604093084,1
2016-06-14,0.005954912803062806,-0.0017988855029992755,-0.008574641551869816,0.0007033338022222952,-0.0026655443322107838,0.003519639588905919,-0.00028149190710741146,0.002539861718639882,-0.0011275546159268978,0.006382978723404555,-0.00395591975134244,0.00042402826855125655,1
2016-06-15,0.0023960535588443002,-0.0018407126972377892,0.005954912803062806,-0.008574641551869816,0.0007033338022222952,-0.0026655443322107838,0.003519639588905919,-0.00028149190710741146,0.002539861718639882,-0.0011275546159268978,0.006382978723404555,-0.00395591975134244,1
2016-06-16,0.0025309336332957517,0.0031329905865315156,0.0023960535588443002,0.005954912803062806,-0.008574641551869816,0.0007033338022222952,-0.0026655443322107838,0.003519639588905919,-0.00028149190710741146,0.002539861718639882,-0.0011275546159268978,0.006382978723404555,1
2016-06-17,-0.004908835904628288,-0.003257965164692659,0.0025309336332957517,0.0023960535588443002,0.005954912803062806,-0.008574641551869816,0.0007033338022222952,-0.0026655443322107838,0.003519639588905919,-0.00028149190710741146,0.002539861718639882,-0.0011275546159268978,1
2016-06-20,0.002114164904862473,0.005808185112367291,-0.004908835904628288,0.0025309336332957517,0.0023960535588443002,0.005954912803062806,-0.008574641551869816,0.0007033338022222952,-0.0026655443322107838,0.003519639588905919,-0.00028149190710741146,0.002539861718639882,1
2016-06-21,0.0050632911392405385,0.0027120614424577514,0.002114164904862473,-0.004908835904628288,0.0025309336332957517,0.0023960535588443002,0.005954912803062806,-0.008574641551869816,0.0007033338022222952,-0.0026655443322107838,0.003519639588905919,-0.00028149190710741146,1
2016-06-22,0.004058214385670427,-0.0016515635798043402,0.0050632911392405385,0.002114164904862473,-0.004908835904628288,0.0025309336332957517,0.0023960535588443002,0.005954912803062806,-0.008574641551869816,0.0007033338022222952,-0.0026655443322107838,0.003519639588905919,1
2016-06-23,0.004878048780487762,0.013364078570495473,0.004058214385670427,0.0050632911392405385,0.002114164904862473,-0.004908835904628288,0.0025309336332957517,0.0023960535588443002,0.005954912803062806,-0.008574641551869816,0.0007033338022222952,-0.0026655443322107838,1
2016-06-24,-0.0019417475728155575,-0.03591979991551379,0.004878048780487762,0.004058214385670427,0.0050632911392405385,0.002114164904862473,-0.004908835904628288,0.0025309336332957517,0.0023960535588443002,0.005954912803062806,-0.008574641551869816,0.0007033338022222952,1
2016-06-27,-0.006392440244580284,-0.01809650212020111,-0.0019417475728155575,0.004878048780487762,0.004058214385670427,0.0050632911392405385,0.002114164904862473,-0.004908835904628288,0.0025309336332957517,0.0023960535588443002,0.005954912803062806,-0.008574641551869816,1
2016-06-28,0.00013986013986021405,0.017770165208875394,-0.006392440244580284,-0.0019417475728155575,0.004878048780487762,0.004058214385670427,0.0050632911392405385,0.002114164904862473,-0.004908835904628288,0.0025309336332957517,0.0023960535588443002,0.005954912803062806,1
2016-06-29,0.013284855264997642,0.017032672710494526,0.00013986013986021405,-0.006392440244580284,-0.0019417475728155575,0.004878048780487762,0.004058214385670427,0.0050632911392405385,0.002114164904862473,-0.004908835904628288,0.0025309336332957517,0.0023960535588443002,1
2016-06-30,0.0077284018768976935,0.013565044272758035,0.013284855264997642,0.00013986013986021405,-0.006392440244580284,-0.0019417475728155575,0.004878048780487762,0.004058214385670427,0.0050632911392405385,0.002114164904862473,-0.004908835904628288,0.0025309336332957517,1
2016-07-01,-0.0028759244042727374,0.0019486024753912218,0.0077284018768976935,0.013284855264997642,0.00013986013986021405,-0.006392440244580284,-0.0019417475728155575,0.004878048780487762,0.004058214385670427,0.0050632911392405385,0.002114164904862473,-0.004908835904628288,1
2016-07-05,0.004532344458178635,-0.006847477275031027,-0.0028759244042727374,0.0077284018768976935,0.013284855264997642,0.00013986013986021405,-0.006392440244580284,-0.0019417475728155575,0.004878048780487762,0.004058214385670427,0.0050632911392405385,0.002114164904862473,1
2016-07-06,0.009297238173366317,0.0053529629349093584,0.004532344458178635,-0.0028759244042727374,0.0077284018768976935,0.013284855264997642,0.00013986013986021405,-0.006392440244580284,-0.0019417475728155575,0.004878048780487762,0.004058214385670427,0.0050632911392405385,1
2016-07-07,-0.003928474668111741,-0.0008715777825870532,0.009297238173366317,0.004532344458178635,-0.0028759244042727374,0.0077284018768976935,0.013284855264997642,0.00013986013986021405,-0.006392440244580284,-0.0019417475728155575,0.004878048780487762,0.004058214385670427,1
2016-07-08,0.004215966272270085,0.015253349299217423,-0.003928474668111741,0.009297238173366317,0.004532344458178635,-0.0028759244042727374,0.0077284018768976935,0.013284855264997642,0.00013986013986021405,-0.006392440244580284,-0.0019417475728155575,0.004878048780487762,1
2016-07-11,0.0029794149512455516,0.0034086155847900335,0.004215966272270085,-0.003928474668111741,0.009297238173366317,0.004532344458178635,-0.0028759244042727374,0.0077284018768976935,0.013284855264997642,0.00013986013986021405,-0.006392440244580284,-0.0019417475728155575,1
2016-07-12,-0.010667026735079447,0.007009293462734553,0.0029794149512455516,0.004215966272270085,-0.003928474668111741,0.009297238173366317,0.004532344458178635,-0.0028759244042727374,0.0077284018768976935,0.013284855264997642,0.00013986013986021405,-0.006392440244580284,1
2016-07-13,0.004776852736454368,0.00013476772627251274,-0.010667026735079447,0.0029794149512455516,0.004215966272270085,-0.003928474668111741,0.009297238173366317,0.004532344458178635,-0.0028759244042727374,0.0077284018768976935,0.013284855264997642,0.00013986013986021405,1
2016-07-14,0.0010866612333604846,0.005259203949780416,0.004776852736454368,-0.010667026735079447,0.0029794149512455516,0.004215966272270085,-0.003928474668111741,0.009297238173366317,0.004532344458178635,-0.0028759244042727374,0.0077284018768976935,0.013284855264997642,1
2016-07-15,-0.0004070556309362469,-0.0009289474292316422,0.0010866612333604846,0.004776852736454368,-0.010667026735079447,0.0029794149512455516,0.004215966272270085,-0.003928474668111741,0.009297238173366317,0.004532344458178635,-0.0028759244042727374,0.0077284018768976935,1
2016-07-18,0.002307587891950632,0.0023822952916738127,-0.0004070556309362469,0.0010866612333604846,0.004776852736454368,-0.010667026735079447,0.0029794149512455516,0.004215966272270085,-0.003928474668111741,0.009297238173366317,0.004532344458178635,-0.0028759244042727374,1
2016-07-19,-0.0024377031419286076,-0.0014351739837110476,0.002307587891950632,-0.0004070556309362469,0.0010866612333604846,0.004776852736454368,-0.010667026735079447,0.0029794149512455516,0.004215966272270085,-0.003928474668111741,0.009297238173366317,0.004532344458178635,1
2016-07-20,0.0017648655986968627,0.004270300527854589,-0.0024377031419286076,0.002307587891950632,-0.0004070556309362469,0.0010866612333604846,0.004776852736454368,-0.010667026735079447,0.0029794149512455516,0.004215966272270085,-0.003928474668111741,0.009297238173366317,1
2016-07-21,-0.0036590323892128004,-0.003612529073708161,0.0017648655986968627,-0.0024377031419286076,0.002307587891950632,-0.0004070556309362469,0.0010866612333604846,0.004776852736454368,-0.010667026735079447,0.0029794149512455516,0.004215966272270085,-0.003928474668111741,1
2016-07-22,0.0004080522306855468,0.004553964517894301,-0.0036590323892128004,0.0017648655986968627,-0.0024377031419286076,0.002307587891950632,-0.0004070556309362469,0.0010866612333604846,0.004776852736454368,-0.010667026735079447,0.0029794149512455516,0.004215966272270085,1
2016-07-25,0.0027192386131883683,-0.0030114752038671484,0.0004080522306855468,-0.0036590323892128004,0.0017648655986968627,-0.0024377031419286076,0.002307587891950632,-0.0004070556309362469,0.0010866612333604846,0.004776852736454368,-0.010667026735079447,0.0029794149512455516,1
2016-07-26,-0.00027118644067791313,0.00032278462630765874,0.0027192386131883683,0.0004080522306855468,-0.0036590323892128004,0.0017648655986968627,-0.0024377031419286076,0.002307587891950632,-0.0004070556309362469,0.0010866612333604846,0.004776852736454368,-0.010667026735079447,1
2016-07-27,-0.005560830055608494,-0.0011985423438815265,-0.00027118644067791313,0.0027192386131883683,0.0004080522306855468,-0.0036590323892128004,0.0017648655986968627,-0.0024377031419286076,0.002307587891950632,-0.0004070556309362469,0.0010866612333604846,0.004776852736454368,1
2016-07-28,-0.0010911074740861824,0.0016062092674702202,-0.005560830055608494,-0.00027118644067791313,0.0027192386131883683,0.0004080522306855468,-0.0036590323892128004,0.0017648655986968627,-0.0024377031419286076,0.002307587891950632,-0.0004070556309362469,0.0010866612333604846,1
2016-07-29,-0.0036865101037684067,0.0016313092282023236,-0.0010911074740861824,-0.005560830055608494,-0.00027118644067791313,0.0027192386131883683,0.0004080522306855468,-0.0036590323892128004,0.0017648655986968627,-0.0024377031419286076,0.002307587891950632,-0.0004070556309362469,1
2016-08-01,0.011100452240646961,-0.001269787392142437,-0.0036865101037684067,-0.0010911074740861824,-0.005560830055608494,-0.00027118644067791313,0.0027192386131883683,0.0004080522306855468,-0.0036590323892128004,0.0017648655986968627,-0.0024377031419286076,0.002307587891950632,1
2016-08-02,-0.00880997560314463,-0.006361619668044342,0.011100452240646961,-0.0036865101037684067,-0.0010911074740861824,-0.005560830055608494,-0.00027118644067791313,0.0027192386131883683,0.0004080522306855468,-0.0036590323892128004,0.0017648655986968627,-0.0024377031419286076,1
2016-08-03,-0.002598112949541901,0.003133943389343499,-0.00880997560314463,0.011100452240646961,-0.0036865101037684067,-0.0010911074740861824,-0.005560830055608494,-0.00027118644067791313,0.0027192386131883683,0.0004080522306855468,-0.0036590323892128004,0.0017648655986968627,1
2016-08-04,0.004935563476830303,0.00021257191858254097,-0.002598112949541901,-0.00880997560314463,0.011100452240646961,-0.0036865101037684067,-0.0010911074740861824,-0.005560830055608494,-0.00027118644067791313,0.0027192386131883683,0.0004080522306855468,-0.0036590323892128004,1
2016-08-05,0.006275579809004253,0.008603496361326275,0.004935563476830303,-0.002598112949541901,-0.00880997560314463,0.011100452240646961,-0.0036865101037684067,-0.0010911074740861824,-0.005560830055608494,-0.00027118644067791313,0.0027192386131883683,0.0004080522306855468,1
2016-08-08,-0.0056941431670282676,-0.0009071652887538071,0.006275579809004253,0.004935563476830303,-0.002598112949541901,-0.00880997560314463,0.011100452240646961,-0.0036865101037684067,-0.0010911074740861824,-0.005560830055608494,-0.00027118644067791313,0.0027192386131883683,1
2016-08-09,0.002727024815925886,0.0003897936354918974,-0.0056941431670282676,0.006275579809004253,0.004935563476830303,-0.002598112949541901,-0.00880997560314463,0.011100452240646961,-0.0036865101037684067,-0.0010911074740861824,-0.005560830055608494,-0.00027118644067791313,1
2016-08-10,0.012374218112591638,-0.0028646859977113953,0.002727024815925886,-0.0056941431670282676,0.006275579809004253,0.004935563476830303,-0.002598112949541901,-0.00880997560314463,0.011100452240646961,-0.0036865101037684067,-0.0010911074740861824,-0.005560830055608494,1
2016-08-11,-0.00202839756592299,0.004734588091577449,0.012374218112591638,0.002727024815925886,-0.0056941431670282676,0.006275579809004253,0.004935563476830303,-0.002598112949541901,-0.00880997560314463,0.011100452240646961,-0.0036865101037684067,-0.0010911074740861824,1
2016-08-12,0.0012195121951220707,-0.0007960462665462968,-0.00202839756592299,0.012374218112591638,0.002727024815925886,-0.0056941431670282676,0.006275579809004253,0.004935563476830303,-0.002598112949541901,-0.00880997560314463,0.011100452240646961,-0.0036865101037684067,1
2016-08-15,-0.007714169711733958,0.0027929089824626848,0.0012195121951220707,-0.00202839756592299,0.012374218112591638,0.002727024815925886,-0.0056941431670282676,0.006275579809004253,0.004935563476830303,-0.002598112949541901,-0.00880997560314463,0.011100452240646961,1
2016-08-16,-0.005864702673213079,-0.005479077020728967,-0.007714169711733958,0.0012195121951220707,-0.00202839756592299,0.012374218112591638,0.002727024815925886,-0.0056941431670282676,0.006275579809004253,0.004935563476830303,-0.002598112949541901,-0.00880997560314463,1
2016-08-17,0.000548772122376281,0.0018685899424381654,-0.005864702673213079,-0.007714169711733958,0.0012195121951220707,-0.00202839756592299,0.012374218112591638,0.002727024815925886,-0.0056941431670282676,0.006275579809004253,0.004935563476830303,-0.002598112949541901,1
2016-08-18,0.01878513643219514,0.002199617391366979,0.000548772122376281,-0.005864702673213079,-0.007714169711733958,0.0012195121951220707,-0.00202839756592299,0.012374218112591638,0.002727024815925886,-0.0056941431670282676,0.006275579809004253,0.004935563476830303,1
2016-08-19,-0.02005383580080752,-0.0014402716807318207,0.01878513643219514,0.000548772122376281,-0.005864702673213079,-0.007714169711733958,0.0012195121951220707,-0.00202839756592299,0.012374218112591638,0.002727024815925886,-0.0056941431670282676,0.006275579809004253,1
2016-08-22,-0.0015107814860597772,-0.0005633228782352362,-0.02005383580080752,0.01878513643219514,0.000548772122376281,-0.005864702673213079,-0.007714169711733958,0.0012195121951220707,-0.00202839756592299,0.012374218112591638,0.002727024815925886,-0.0056941431670282676,1
2016-08-23,-0.010041265474552863,0.0019517690543742305,-0.0015107814860597772,-0.02005383580080752,0.01878513643219514,0.000548772122376281,-0.005864702673213079,-0.007714169711733958,0.0012195121951220707,-0.00202839756592299,0.012374218112591638,0.002727024815925886,1
2016-08-24,0.0036126163679313255,-0.0052402768821378,-0.010041265474552863,-0.0015107814860597772,-0.02005383580080752,0.01878513643219514,0.000548772122376281,-0.005864702673213079,-0.007714169711733958,0.0012195121951220707,-0.00202839756592299,0.012374218112591638,1
2016-08-25,-0.013983109511283592,-0.001365227301395816,0.0036126163679313255,-0.010041265474552863,-0.0015107814860597772,-0.02005383580080752,0.01878513643219514,0.000548772122376281,-0.005864702673213079,-0.007714169711733958,0.0012195121951220707,-0.00202839756592299,1
2016-08-26,-0.001123279977534398,-0.0015788167596264592,-0.013983109511283592,0.0036126163679313255,-0.010041265474552863,-0.0015107814860597772,-0.02005383580080752,0.01878513643219514,0.000548772122376281,-0.005864702673213079,-0.007714169711733958,0.0012195121951220707,1
2016-08-29,0.003654765251616574,0.005228047337119548,-0.001123279977534398,-0.013983109511283592,0.0036126163679313255,-0.010041265474552863,-0.0015107814860597772,-0.02005383580080752,0.01878513643219514,0.000548772122376281,-0.005864702673213079,-0.007714169711733958,1
2016-08-30,-0.0012605042016807957,-0.001953680655931468,0.003654765251616574,-0.001123279977534398,-0.013983109511283592,0.0036126163679313255,-0.010041265474552863,-0.0015107814860597772,-0.02005383580080752,0.01878513643219514,0.000548772122376281,-0.005864702673213079,1
2016-08-31,0.0018230262235310831,-0.002375864254739728,-0.0012605042016807957,0.003654765251616574,-0.001123279977534398,-0.013983109511283592,0.0036126163679313255,-0.010041265474552863,-0.0015107814860597772,-0.02005383580080752,0.01878513643219514,0.000548772122376281,1
2016-09-01,0.019596864501679995,-4.138464820835689e-05,0.0018230262235310831,-0.0012605042016807957,0.003654765251616574,-0.001123279977534398,-0.013983109511283592,0.0036126163679313255,-0.010041265474552863,-0.0015107814860597772,-0.02005383580080752,0.01878513643219514,1
2016-09-02,-0.004667764964305167,0.004201041315648488,0.019596864501679995,0.0018230262235310831,-0.0012605042016807957,0.003654765251616574,-0.001123279977534398,-0.013983109511283592,0.0036126163679313255,-0.010041265474552863,-0.0015107814860597772,-0.02005383580080752,1
2016-09-06,0.006896551724137367,0.002981678758352634,-0.004667764964305167,0.019596864501679995,0.0018230262235310831,-0.0012605042016807957,0.003654765251616574,-0.001123279977534398,-0.013983109511283592,0.0036126163679313255,-0.010041265474552863,-0.0015107814860597772,1
2016-09-07,-0.012876712328766853,-0.00014638505859998407,0.006896551724137367,-0.004667764964305167,0.019596864501679995,0.0018230262235310831,-0.0012605042016807957,0.003654765251616574,-0.001123279977534398,-0.013983109511283592,0.0036126163679313255,-0.010041265474552863,1
2016-09-08,-0.0031917846239245757,-0.0022230135011276943,-0.012876712328766853,0.006896551724137367,-0.004667764964305167,0.019596864501679995,0.0018230262235310831,-0.0012605042016807957,0.003654765251616574,-0.001123279977534398,-0.013983109511283592,0.0036126163679313255,1
2016-09-09,-0.021300292356954,-0.024522068857295493,-0.0031917846239245757,-0.012876712328766853,0.006896551724137367,-0.004667764964305167,0.019596864501679995,0.0018230262235310831,-0.0012605042016807957,0.003654765251616574,-0.001123279977534398,-0.013983109511283592,1
2016-09-12,0.023328591749644436,0.014677052525391822,-0.021300292356954,-0.0031917846239245757,-0.012876712328766853,0.006896551724137367,-0.004667764964305167,0.019596864501679995,0.0018230262235310831,-0.0012605042016807957,0.003654765251616574,-0.001123279977534398,1
2016-09-13,-0.00667222685571308,-0.014830674013266897,0.023328591749644436,-0.021300292356954,-0.0031917846239245757,-0.012876712328766853,0.006896551724137367,-0.004667764964305167,0.019596864501679995,0.0018230262235310831,-0.0012605042016807957,0.003654765251616574,1
2016-09-14,0.0008396305625524247,-0.0005876766500768526,-0.00667222685571308,0.023328591749644436,-0.021300292356954,-0.0031917846239245757,-0.012876712328766853,0.006896551724137367,-0.004667764964305167,0.019596864501679995,0.0018230262235310831,-0.0012605042016807957,1
2016-09-15,0.012304250559284092,0.010109273250546658,0.0008396305625524247,-0.00667222685571308,0.023328591749644436,-0.021300292356954,-0.0031917846239245757,-0.012876712328766853,0.006896551724137367,-0.004667764964305167,0.019596864501679995,0.0018230262235310831,1
2016-09-16,0.006491712707182581,-0.003772294907126729,0.012304250559284092,0.0008396305625524247,-0.00667222685571308,0.023328591749644436,-0.021300292356954,-0.0031917846239245757,-0.012876712328766853,0.006896551724137367,-0.004667764964305167,0.019596864501679995,1
2016-09-19,-0.010703993412927255,-1.860309730770861e-05,0.006491712707182581,0.012304250559284092,0.0008396305625524247,-0.00667222685571308,0.023328591749644436,-0.021300292356954,-0.0031917846239245757,-0.012876712328766853,0.006896551724137367,-0.004667764964305167,1
2016-09-20,-0.001664585934248952,0.0002991384143948819,-0.010703993412927255,0.006491712707182581,0.012304250559284092,0.0008396305625524247,-0.00667222685571308,0.023328591749644436,-0.021300292356954,-0.0031917846239245757,-0.012876712328766853,0.006896551724137367,1
2016-09-21,0.0030568292344033674,0.010917162154086816,-0.001664585934248952,-0.010703993412927255,0.006491712707182581,0.012304250559284092,0.0008396305625524247,-0.00667222685571308,0.023328591749644436,-0.021300292356954,-0.0031917846239245757,-0.012876712328766853,1
2016-09-22,0.0011081867294639122,0.006499784681166466,0.0030568292344033674,-0.001664585934248952,-0.010703993412927255,0.006491712707182581,0.012304250559284092,0.0008396305625524247,-0.00667222685571308,0.023328591749644436,-0.021300292356954,-0.0031917846239245757,1
2016-09-23,0.0011069600110691987,-0.005736774814255416,0.0011081867294639122,0.0030568292344033674,-0.001664585934248952,-0.010703993412927255,0.006491712707182581,0.012304250559284092,0.0008396305625524247,-0.00667222685571308,0.023328591749644436,-0.021300292356954,1
2016-09-26,-0.010089841050448516,-0.008587762454059558,0.0011069600110691987,0.0011081867294639122,0.0030568292344033674,-0.001664585934248952,-0.010703993412927255,0.006491712707182581,0.012304250559284092,0.0008396305625524247,-0.00667222685571308,0.023328591749644436,1
2016-09-27,0.00991343200223346,0.006444170061260637,-0.010089841050448516,0.0011069600110691987,0.0011081867294639122,0.0030568292344033674,-0.001664585934248952,-0.010703993412927255,0.006491712707182581,0.012304250559284092,0.0008396305625524247,-0.00667222685571308,1
2016-09-28,-0.007465781833264141,0.005296553758763496,0.00991343200223346,-0.010089841050448516,0.0011069600110691987,0.0011081867294639122,0.0030568292344033674,-0.001664585934248952,-0.010703993412927255,0.006491712707182581,0.012304250559284092,0.0008396305625524247,1
2016-09-29,-0.014765287644518555,-0.009321411325290326,-0.007465781833264141,0.00991343200223346,-0.010089841050448516,0.0011069600110691987,0.0011081867294639122,0.0030568292344033674,-0.001664585934248952,-0.010703993412927255,0.006491712707182581,0.012304250559284092,1
2016-09-30,0.01965219850134327,0.007967969361336945,-0.014765287644518555,-0.007465781833264141,0.00991343200223346,-0.010089841050448516,0.0011069600110691987,0.0011081867294639122,0.0030568292344033674,-0.001664585934248952,-0.010703993412927255,0.006491712707182581,1
2016-10-03,-0.001525235718247537,-0.003260695824222057,0.01965219850134327,-0.014765287644518555,-0.007465781833264141,0.00991343200223346,-0.010089841050448516,0.0011069600110691987,0.0011081867294639122,0.0030568292344033674,-0.001664585934248952,-0.010703993412927255,1
2016-10-04,-0.003610609637550583,-0.004955562300028953,-0.001525235718247537,0.01965219850134327,-0.014765287644518555,-0.007465781833264141,0.00991343200223346,-0.010089841050448516,0.0011069600110691987,0.0011081867294639122,0.0030568292344033674,-0.001664585934248952,1
2016-10-05,-0.0011149825783968086,0.004296690541675125,-0.003610609637550583,-0.001525235718247537,0.01965219850134327,-0.014765287644518555,-0.007465781833264141,0.00991343200223346,-0.010089841050448516,0.0011069600110691987,0.0011081867294639122,0.0030568292344033674,1
2016-10-06,-0.03223105902051088,0.0004815601994837626,-0.0011149825783968086,-0.003610609637550583,-0.001525235718247537,0.01965219850134327,-0.014765287644518555,-0.007465781833264141,0.00991343200223346,-0.010089841050448516,0.0011069600110691987,0.0011081867294639122,1
2016-10-07,-0.009515570934255672,-0.00325348368171079,-0.03223105902051088,-0.0011149825783968086,-0.003610609637550583,-0.001525235718247537,0.01965219850134327,-0.014765287644518555,-0.007465781833264141,0.00991343200223346,-0.010089841050448516,0.0011069600110691987,1
2016-10-10,-0.01048034934497835,0.0046059050981358445,-0.009515570934255672,-0.03223105902051088,-0.0011149825783968086,-0.003610609637550583,-0.001525235718247537,0.01965219850134327,-0.014765287644518555,-0.007465781833264141,0.00991343200223346,-0.010089841050448516,1
2016-10-11,-0.008679023242130204,-0.012446471763257408,-0.01048034934497835,-0.009515570934255672,-0.03223105902051088,-0.0011149825783968086,-0.003610609637550583,-0.001525235718247537,0.01965219850134327,-0.014765287644518555,-0.007465781833264141,0.00991343200223346,1
2016-10-12,0.0010387297818666098,0.0011465894253984957,-0.008679023242130204,-0.01048034934497835,-0.009515570934255672,-0.03223105902051088,-0.0011149825783968086,-0.003610609637550583,-0.001525235718247537,0.01965219850134327,-0.014765287644518555,-0.007465781833264141,1
2016-10-13,0.011414171360806835,-0.003099263835091018,0.0010387297818666098,-0.008679023242130204,-0.01048034934497835,-0.009515570934255672,-0.03223105902051088,-0.0011149825783968086,-0.003610609637550583,-0.001525235718247537,0.01965219850134327,-0.014765287644518555,1
2016-10-14,0.0032243880990763807,0.00020160417815362803,0.011414171360806835,0.0010387297818666098,-0.008679023242130204,-0.01048034934497835,-0.009515570934255672,-0.03223105902051088,-0.0011149825783968086,-0.003610609637550583,-0.001525235718247537,0.01965219850134327,1
2016-10-17,-0.003360116873630459,-0.003037993821207862,0.0032243880990763807,0.011414171360806835,0.0010387297818666098,-0.008679023242130204,-0.01048034934497835,-0.009515570934255672,-0.03223105902051088,-0.0011149825783968086,-0.003610609637550583,-0.001525235718247537,1
2016-10-18,0.009527997654646844,0.0061604034798964915,-0.003360116873630459,0.0032243880990763807,0.011414171360806835,0.0010387297818666098,-0.008679023242130204,-0.01048034934497835,-0.009515570934255672,-0.03223105902051088,-0.0011149825783968086,-0.003610609637550583,1
2016-10-19,0.00029040220705682534,0.002191970828746938,0.009527997654646844,-0.003360116873630459,0.0032243880990763807,0.011414171360806835,0.0010387297818666098,-0.008679023242130204,-0.01048034934497835,-0.009515570934255672,-0.03223105902051088,-0.0011149825783968086,1
2016-10-20,-0.002322543184787337,-0.0013757238742645931,0.00029040220705682534,0.009527997654646844,-0.003360116873630459,0.0032243880990763807,0.011414171360806835,0.0010387297818666098,-0.008679023242130204,-0.01048034934497835,-0.009515570934255672,-0.03223105902051088,1
2016-10-21,-0.005674378000873047,-8.414170220300228e-05,-0.002322543184787337,0.00029040220705682534,0.009527997654646844,-0.003360116873630459,0.0032243880990763807,0.011414171360806835,0.0010387297818666098,-0.008679023242130204,-0.01048034934497835,-0.009515570934255672,1
2016-10-24,0.01243781094527363,0.004749839534638122,-0.005674378000873047,-0.002322543184787337,0.00029040220705682534,0.009527997654646844,-0.003360116873630459,0.0032243880990763807,0.011414171360806835,0.0010387297818666098,-0.008679023242130204,-0.01048034934497835,1
2016-10-25,0.0024570024570023737,-0.003797727779456018,0.01243781094527363,-0.005674378000873047,-0.002322543184787337,0.00029040220705682534,0.009527997654646844,-0.003360116873630459,0.0032243880990763807,0.011414171360806835,0.0010387297818666098,-0.008679023242130204,1
2016-10-26,0.0033160322952711205,-0.0017404114266579603,0.0024570024570023737,0.01243781094527363,-0.005674378000873047,-0.002322543184787337,0.00029040220705682534,0.009527997654646844,-0.003360116873630459,0.0032243880990763807,0.011414171360806835,0.0010387297818666098,1
2016-10-27,0.003448771375197371,-0.0029867269333876127,0.0033160322952711205,0.0024570024570023737,0.01243781094527363,-0.005674378000873047,-0.002322543184787337,0.00029040220705682534,0.009527997654646844,-0.003360116873630459,0.0032243880990763807,0.011414171360806835,1
2016-10-28,0.0022912788199916097,-0.003108299365589125,0.003448771375197371,0.0033160322952711205,0.0024570024570023737,0.01243781094527363,-0.005674378000873047,-0.002322543184787337,0.00029040220705682534,0.009527997654646844,-0.003360116873630459,0.0032243880990763807,1
2016-10-31,0.00042863266180880315,-0.00012227651805639517,0.0022912788199916097,0.003448771375197371,0.0033160322952711205,0.0024570024570023737,0.01243781094527363,-0.005674378000873047,-0.002322543184787337,0.00029040220705682534,0.009527997654646844,-0.003360116873630459,1
2016-11-01,-0.010282776349614374,-0.006786883176217423,0.00042863266180880315,0.0022912788199916097,0.003448771375197371,0.0033160322952711205,0.0024570024570023737,0.01243781094527363,-0.005674378000873047,-0.002322543184787337,0.00029040220705682534,0.009527997654646844,1
2016-11-02,0.002164502164502446,-0.006525500629458174,-0.010282776349614374,0.00042863266180880315,0.0022912788199916097,0.003448771375197371,0.0033160322952711205,0.0024570024570023737,0.01243781094527363,-0.005674378000873047,-0.002322543184787337,0.00029040220705682534,1
2016-11-03,0.0025917926565871036,-0.004423400698294829,0.002164502164502446,-0.010282776349614374,0.00042863266180880315,0.0022912788199916097,0.003448771375197371,0.0033160322952711205,0.0024570024570023737,0.01243781094527363,-0.005674378000873047,-0.002322543184787337,1
2016-11-04,-0.006749964095935517,-0.0016661305078948,0.0025917926565871036,0.002164502164502446,-0.010282776349614374,0.00042863266180880315,0.0022912788199916097,0.003448771375197371,0.0033160322952711205,0.0024570024570023737,0.01243781094527363,-0.005674378000873047,1
2016-11-07,0.008964719491035208,0.022223544015960692,-0.006749964095935517,0.0025917926565871036,0.002164502164502446,-0.010282776349614374,0.00042863266180880315,0.0022912788199916097,0.003448771375197371,0.0033160322952711205,0.0024570024570023737,0.01243781094527363,1
2016-11-08,0.00014330753797662637,0.003771974424148256,0.008964719491035208,-0.006749964095935517,0.0025917926565871036,0.002164502164502446,-0.010282776349614374,0.00042863266180880315,0.0022912788199916097,0.003448771375197371,0.0033160322952711205,0.0024570024570023737,1
2016-11-09,0.018770597506805858,0.011077020670818222,0.00014330753797662637,0.008964719491035208,-0.006749964095935517,0.0025917926565871036,0.002164502164502446,-0.010282776349614374,0.00042863266180880315,0.0022912788199916097,0.003448771375197371,0.0033160322952711205,1
2016-11-10,0.004078762306610425,0.001950745624886813,0.018770597506805858,0.00014330753797662637,0.008964719491035208,-0.006749964095935517,0.0025917926565871036,0.002164502164502446,-0.010282776349614374,0.00042863266180880315,0.0022912788199916097,0.003448771375197371,1
2016-11-11,-0.0022412102535367033,-0.0013979501669953202,0.004078762306610425,0.018770597506805858,0.00014330753797662637,0.008964719491035208,-0.006749964095935517,0.0025917926565871036,0.002164502164502446,-0.010282776349614374,0.00042863266180880315,0.0022912788199916097,1
2016-11-14,-0.010388881089428842,-0.00011550278623190026,-0.0022412102535367033,0.004078762306610425,0.018770597506805858,0.00014330753797662637,0.008964719491035208,-0.006749964095935517,0.0025917926565871036,0.002164502164502446,-0.010282776349614374,0.00042863266180880315,1
2016-11-15,0.013193360760391749,0.007480797692708188,-0.010388881089428842,-0.0022412102535367033,0.004078762306610425,0.018770597506805858,0.00014330753797662637,0.008964719491035208,-0.006749964095935517,0.0025917926565871036,0.002164502164502446,-0.010282776349614374,1
2016-11-16,-0.0004200504060489016,-0.0015822638011099694,0.013193360760391749,-0.010388881089428842,-0.0022412102535367033,0.004078762306610425,0.018770597506805858,0.00014330753797662637,0.008964719491035208,-0.006749964095935517,0.0025917926565871036,0.002164502164502446,1
2016-11-17,-0.03081664098613235,0.00467636970973298,-0.0004200504060489016,0.013193360760391749,-0.010388881089428842,-0.0022412102535367033,0.004078762306610425,0.018770597506805858,0.00014330753797662637,0.008964719491035208,-0.006749964095935517,0.0025917926565871036,1
2016-11-18,-0.009394421159126943,-0.0023867984933359193,-0.03081664098613235,-0.0004200504060489016,0.013193360760391749,-0.010388881089428842,-0.0022412102535367033,0.004078762306610425,0.018770597506805858,0.00014330753797662637,0.008964719491035208,-0.006749964095935517,1
2016-11-21,0.012109716953603682,0.0074614009492722805,-0.009394421159126943,-0.03081664098613235,-0.0004200504060489016,0.013193360760391749,-0.010388881089428842,-0.0022412102535367033,0.004078762306610425,0.018770597506805858,0.00014330753797662637,0.008964719491035208,1
2016-11-22,0.010811590024506221,0.002165431924250722,0.012109716953603682,-0.009394421159126943,-0.03081664098613235,-0.0004200504060489016,0.013193360760391749,-0.010388881089428842,-0.0022412102535367033,0.004078762306610425,0.018770597506805858,0.00014330753797662637,1
2016-11-23,0.010125499144324071,0.0008080247522280939,0.010811590024506221,0.012109716953603682,-0.009394421159126943,-0.03081664098613235,-0.0004200504060489016,0.013193360760391749,-0.010388881089428842,-0.0022412102535367033,0.004078762306610425,0.018770597506805858,1
2016-11-25,0.005647324579980222,0.003914386912404805,0.010125499144324071,0.010811590024506221,0.012109716953603682,-0.009394421159126943,-0.03081664098613235,-0.0004200504060489016,0.013193360760391749,-0.010388881089428842,-0.0022412102535367033,0.004078762306610425,1
2016-11-28,-0.0005615611399692141,-0.005254535651865005,0.005647324579980222,0.010125499144324071,0.010811590024506221,0.012109716953603682,-0.009394421159126943,-0.03081664098613235,-0.0004200504060489016,0.013193360760391749,-0.010388881089428842,-0.0022412102535367033,1
2016-11-29,0.002528445006321158,0.0013352928795321763,-0.0005615611399692141,0.005647324579980222,0.010125499144324071,0.010811590024506221,0.012109716953603682,-0.009394421159126943,-0.03081664098613235,-0.0004200504060489016,0.013193360760391749,-0.010388881089428842,1
2016-11-30,-0.01317080005604588,-0.002653403805348535,0.002528445006321158,-0.0005615611399692141,0.005647324579980222,0.010125499144324071,0.010811590024506221,0.012109716953603682,-0.009394421159126943,-0.03081664098613235,-0.0004200504060489016,0.013193360760391749,1
2016-12-01,0.0034076387902882217,-0.003515529214704194,-0.01317080005604588,0.002528445006321158,-0.0005615611399692141,0.005647324579980222,0.010125499144324071,0.010811590024506221,0.012109716953603682,-0.009394421159126943,-0.03081664098613235,-0.0004200504060489016,1
2016-12-02,0.00297155794537975,0.0003970064849451376,0.0034076387902882217,-0.01317080005604588,0.002528445006321158,-0.0005615611399692141,0.005647324579980222,0.010125499144324071,0.010811590024506221,0.012109716953603682,-0.009394421159126943,-0.03081664098613235,1
2016-12-05,-0.013261851015801277,0.005821305360635018,0.00297155794537975,0.0034076387902882217,-0.01317080005604588,0.002528445006321158,-0.0005615611399692141,0.005647324579980222,0.010125499144324071,0.010811590024506221,0.012109716953603682,-0.009394421159126943,1
2016-12-06,0.006005147269087828,0.003410888113640653,-0.013261851015801277,0.00297155794537975,0.0034076387902882217,-0.01317080005604588,0.002528445006321158,-0.0005615611399692141,0.005647324579980222,0.010125499144324071,0.010811590024506221,0.012109716953603682,1
2016-12-07,0.010517339397384702,0.013163241734930208,0.006005147269087828,-0.013261851015801277,0.00297155794537975,0.0034076387902882217,-0.01317080005604588,0.002528445006321158,-0.0005615611399692141,0.005647324579980222,0.010125499144324071,0.010811590024506221,1
2016-12-08,-0.003682719546742006,0.002159342712376298,0.010517339397384702,0.006005147269087828,-0.013261851015801277,0.00297155794537975,0.0034076387902882217,-0.01317080005604588,0.002528445006321158,-0.0005615611399692141,0.005647324579980222,0.010125499144324071,1
2016-12-09,-0.003696332101222631,0.005938984836723531,-0.003682719546742006,0.010517339397384702,0.006005147269087828,-0.013261851015801277,0.00297155794537975,0.0034076387902882217,-0.01317080005604588,0.002528445006321158,-0.0005615611399692141,0.005647324579980222,1
2016-12-12,0.02268835616438348,-0.0011374347616603382,-0.003696332101222631,-0.003682719546742006,0.010517339397384702,0.006005147269087828,-0.013261851015801277,0.00297155794537975,0.0034076387902882217,-0.01317080005604588,0.002528445006321158,-0.0005615611399692141,1
2016-12-13,0.001813869122366301,0.006539774854251375,0.02268835616438348,-0.003696332101222631,-0.003682719546742006,0.010517339397384702,0.006005147269087828,-0.013261851015801277,0.00297155794537975,0.0034076387902882217,-0.01317080005604588,0.002528445006321158,1
2016-12-14,-0.006406685236768938,-0.008117172114256143,0.001813869122366301,0.02268835616438348,-0.003696332101222631,-0.003682719546742006,0.010517339397384702,0.006005147269087828,-0.013261851015801277,0.00297155794537975,0.0034076387902882217,-0.01317080005604588,1
2016-12-15,-0.0036445192038125265,0.00388322795541894,-0.006406685236768938,0.001813869122366301,0.02268835616438348,-0.003696332101222631,-0.003682719546742006,0.010517339397384702,0.006005147269087828,-0.013261851015801277,0.00297155794537975,0.0034076387902882217,1
2016-12-16,-0.0014068655036580202,-0.0017506226483432865,-0.0036445192038125265,-0.006406685236768938,0.001813869122366301,0.02268835616438348,-0.003696332101222631,-0.003682719546742006,0.010517339397384702,0.006005147269087828,-0.013261851015801277,0.00297155794537975,1
2016-12-19,0.008453085376162515,0.0019751207295131733,-0.0014068655036580202,-0.0036445192038125265,-0.006406685236768938,0.001813869122366301,0.02268835616438348,-0.003696332101222631,-0.003682719546742006,0.010517339397384702,0.006005147269087828,-0.013261851015801277,1
2016-12-20,0.003352891869237062,0.0036375123841505277,0.008453085376162515,-0.0014068655036580202,-0.0036445192038125265,-0.006406685236768938,0.001813869122366301,0.02268835616438348,-0.003696332101222631,-0.003682719546742006,0.010517339397384702,0.006005147269087828,1
2016-12-21,-0.00807574491785024,-0.0024573614012164844,0.003352891869237062,0.008453085376162515,-0.0014068655036580202,-0.0036445192038125265,-0.006406685236768938,0.001813869122366301,0.02268835616438348,-0.003696332101222631,-0.003682719546742006,0.010517339397384702,1
2016-12-22,-0.023161145423918932,-0.0018629738593322425,-0.00807574491785024,0.003352891869237062,0.008453085376162515,-0.0014068655036580202,-0.0036445192038125265,-0.006406685236768938,0.001813869122366301,0.02268835616438348,-0.003696332101222631,-0.003682719546742006,1
2016-12-23,-0.0007184940364995838,0.0012517152222139495,-0.023161145423918932,-0.00807574491785024,0.003352891869237062,0.008453085376162515,-0.0014068655036580202,-0.0036445192038125265,-0.006406685236768938,0.001813869122366301,0.02268835616438348,-0.003696332101222631,1
2016-12-27,0.0023008340523440057,0.002248372822705768,-0.0007184940364995838,-0.023161145423918932,-0.00807574491785024,0.003352891869237062,0.008453085376162515,-0.0014068655036580202,-0.0036445192038125265,-0.006406685236768938,0.001813869122366301,0.02268835616438348,1
2016-12-28,-0.005595408895265524,-0.008356529202828483,0.0023008340523440057,-0.0007184940364995838,-0.023161145423918932,-0.00807574491785024,0.003352891869237062,0.008453085376162515,-0.0014068655036580202,-0.0036445192038125265,-0.006406685236768938,0.001813869122366301,1
2016-12-29,-0.000721396623863681,-0.0002933046610003201,-0.005595408895265524,0.0023008340523440057,-0.0007184940364995838,-0.023161145423918932,-0.00807574491785024,0.003352891869237062,0.008453085376162515,-0.0014068655036580202,-0.0036445192038125265,-0.006406685236768938,1
2016-12-30,-0.002021368755414253,-0.004637050387073751,-0.000721396623863681,-0.005595408895265524,0.0023008340523440057,-0.0007184940364995838,-0.023161145423918932,-0.00807574491785024,0.003352891869237062,0.008453085376162515,-0.0014068655036580202,-0.0036445192038125265,1
